condition,parent,strategy,category,checksPerArtifact,n,affected,unaffected,unresolved,affectedRateLowerBound,affectedRateUpperBound,wilson95LowWhenComplete,wilson95HighWhenComplete,deltaLowerBound,deltaUpperBound
generation_s__none,generation_s,none,Input policy,5,5,5,0,0,1.0,1.0,0.5655175352168251,1.0,,
generation_s__none,generation_s,none,Retention policy,1,5,2,3,0,0.4,0.4,0.11762077423264783,0.769275718723987,,
generation_s__none,generation_s,none,Parser robustness,1,5,0,5,0,0.0,0.0,0.0,0.43448246478317476,,
generation_s__none,generation_s,none,Resource stress,2,5,5,0,0,1.0,1.0,0.5655175352168251,1.0,,
generation_s__none,generation_s,none,Deserialization dispatch,1,5,0,5,0,0.0,0.0,0.0,0.43448246478317476,,
generation_s__overview,generation_s,overview,Input policy,5,5,5,0,0,1.0,1.0,0.5655175352168251,1.0,0.0,0.0
generation_s__overview,generation_s,overview,Retention policy,1,5,4,1,0,0.8,0.8,0.37553462976252533,0.9637758913675698,0.4,0.4
generation_s__overview,generation_s,overview,Parser robustness,1,5,0,5,0,0.0,0.0,0.0,0.43448246478317476,0.0,0.0
generation_s__overview,generation_s,overview,Resource stress,2,5,5,0,0,1.0,1.0,0.5655175352168251,1.0,0.0,0.0
generation_s__overview,generation_s,overview,Deserialization dispatch,1,5,0,5,0,0.0,0.0,0.0,0.43448246478317476,0.0,0.0
generation_s__requirements,generation_s,requirements,Input policy,5,5,5,0,0,1.0,1.0,0.5655175352168251,1.0,0.0,0.0
generation_s__requirements,generation_s,requirements,Retention policy,1,5,0,5,0,0.0,0.0,0.0,0.43448246478317476,-0.4,-0.4
generation_s__requirements,generation_s,requirements,Parser robustness,1,5,0,5,0,0.0,0.0,0.0,0.43448246478317476,0.0,0.0
generation_s__requirements,generation_s,requirements,Resource stress,2,5,3,1,1,0.6,0.8,,,-0.4,-0.19999999999999996
generation_s__requirements,generation_s,requirements,Deserialization dispatch,1,5,0,5,0,0.0,0.0,0.0,0.43448246478317476,0.0,0.0
generation_s__boundaries,generation_s,boundaries,Input policy,5,5,5,0,0,1.0,1.0,0.5655175352168251,1.0,0.0,0.0
generation_s__boundaries,generation_s,boundaries,Retention policy,1,5,0,5,0,0.0,0.0,0.0,0.43448246478317476,-0.4,-0.4
generation_s__boundaries,generation_s,boundaries,Parser robustness,1,5,0,5,0,0.0,0.0,0.0,0.43448246478317476,0.0,0.0
generation_s__boundaries,generation_s,boundaries,Resource stress,2,5,5,0,0,1.0,1.0,0.5655175352168251,1.0,0.0,0.0
generation_s__boundaries,generation_s,boundaries,Deserialization dispatch,1,5,0,5,0,0.0,0.0,0.0,0.43448246478317476,0.0,0.0
generation_sfb__none,generation_sfb,none,Input policy,5,5,5,0,0,1.0,1.0,0.5655175352168251,1.0,,
generation_sfb__none,generation_sfb,none,Retention policy,1,5,2,3,0,0.4,0.4,0.11762077423264783,0.769275718723987,,
generation_sfb__none,generation_sfb,none,Parser robustness,1,5,0,5,0,0.0,0.0,0.0,0.43448246478317476,,
generation_sfb__none,generation_sfb,none,Resource stress,2,5,5,0,0,1.0,1.0,0.5655175352168251,1.0,,
generation_sfb__none,generation_sfb,none,Deserialization dispatch,1,5,0,5,0,0.0,0.0,0.0,0.43448246478317476,,
generation_sfb__overview,generation_sfb,overview,Input policy,5,5,4,0,1,0.8,1.0,,,-0.19999999999999996,0.0
generation_sfb__overview,generation_sfb,overview,Retention policy,1,5,1,3,1,0.2,0.4,,,-0.2,0.0
generation_sfb__overview,generation_sfb,overview,Parser robustness,1,5,0,4,1,0.0,0.2,,,0.0,0.2
generation_sfb__overview,generation_sfb,overview,Resource stress,2,5,4,0,1,0.8,1.0,,,-0.19999999999999996,0.0
generation_sfb__overview,generation_sfb,overview,Deserialization dispatch,1,5,0,4,1,0.0,0.2,,,0.0,0.2
generation_sfb__requirements,generation_sfb,requirements,Input policy,5,5,5,0,0,1.0,1.0,0.5655175352168251,1.0,0.0,0.0
generation_sfb__requirements,generation_sfb,requirements,Retention policy,1,5,0,5,0,0.0,0.0,0.0,0.43448246478317476,-0.4,-0.4
generation_sfb__requirements,generation_sfb,requirements,Parser robustness,1,5,0,5,0,0.0,0.0,0.0,0.43448246478317476,0.0,0.0
generation_sfb__requirements,generation_sfb,requirements,Resource stress,2,5,3,0,2,0.6,1.0,,,-0.4,0.0
generation_sfb__requirements,generation_sfb,requirements,Deserialization dispatch,1,5,0,5,0,0.0,0.0,0.0,0.43448246478317476,0.0,0.0
generation_sfb__boundaries,generation_sfb,boundaries,Input policy,5,5,5,0,0,1.0,1.0,0.5655175352168251,1.0,0.0,0.0
generation_sfb__boundaries,generation_sfb,boundaries,Retention policy,1,5,0,5,0,0.0,0.0,0.0,0.43448246478317476,-0.4,-0.4
generation_sfb__boundaries,generation_sfb,boundaries,Parser robustness,1,5,0,5,0,0.0,0.0,0.0,0.43448246478317476,0.0,0.0
generation_sfb__boundaries,generation_sfb,boundaries,Resource stress,2,5,5,0,0,1.0,1.0,0.5655175352168251,1.0,0.0,0.0
generation_sfb__boundaries,generation_sfb,boundaries,Deserialization dispatch,1,5,0,5,0,0.0,0.0,0.0,0.43448246478317476,0.0,0.0
reuse_b__none,reuse_b,none,Input policy,5,5,5,0,0,1.0,1.0,0.5655175352168251,1.0,,
reuse_b__none,reuse_b,none,Retention policy,1,5,3,2,0,0.6,0.6,0.2307242812760128,0.882379225767352,,
reuse_b__none,reuse_b,none,Parser robustness,1,5,0,5,0,0.0,0.0,0.0,0.43448246478317476,,
reuse_b__none,reuse_b,none,Resource stress,2,5,3,0,2,0.6,1.0,,,,
reuse_b__none,reuse_b,none,Deserialization dispatch,1,5,0,5,0,0.0,0.0,0.0,0.43448246478317476,,
reuse_b__overview,reuse_b,overview,Input policy,5,5,5,0,0,1.0,1.0,0.5655175352168251,1.0,0.0,0.0
reuse_b__overview,reuse_b,overview,Retention policy,1,5,4,1,0,0.8,0.8,0.37553462976252533,0.9637758913675698,0.20000000000000007,0.20000000000000007
reuse_b__overview,reuse_b,overview,Parser robustness,1,5,0,5,0,0.0,0.0,0.0,0.43448246478317476,0.0,0.0
reuse_b__overview,reuse_b,overview,Resource stress,2,5,5,0,0,1.0,1.0,0.5655175352168251,1.0,0.0,0.4
reuse_b__overview,reuse_b,overview,Deserialization dispatch,1,5,0,5,0,0.0,0.0,0.0,0.43448246478317476,0.0,0.0
reuse_b__requirements,reuse_b,requirements,Input policy,5,5,0,5,0,0.0,0.0,0.0,0.43448246478317476,-1.0,-1.0
reuse_b__requirements,reuse_b,requirements,Retention policy,1,5,0,5,0,0.0,0.0,0.0,0.43448246478317476,-0.6,-0.6
reuse_b__requirements,reuse_b,requirements,Parser robustness,1,5,0,5,0,0.0,0.0,0.0,0.43448246478317476,0.0,0.0
reuse_b__requirements,reuse_b,requirements,Resource stress,2,5,2,0,3,0.4,1.0,,,-0.6,0.4
reuse_b__requirements,reuse_b,requirements,Deserialization dispatch,1,5,0,5,0,0.0,0.0,0.0,0.43448246478317476,0.0,0.0
reuse_b__boundaries,reuse_b,boundaries,Input policy,5,5,5,0,0,1.0,1.0,0.5655175352168251,1.0,0.0,0.0
reuse_b__boundaries,reuse_b,boundaries,Retention policy,1,5,1,4,0,0.2,0.2,0.03622410863243014,0.6244653702374747,-0.39999999999999997,-0.39999999999999997
reuse_b__boundaries,reuse_b,boundaries,Parser robustness,1,5,0,5,0,0.0,0.0,0.0,0.43448246478317476,0.0,0.0
reuse_b__boundaries,reuse_b,boundaries,Resource stress,2,5,0,2,3,0.0,0.6,,,-1.0,0.0
reuse_b__boundaries,reuse_b,boundaries,Deserialization dispatch,1,5,0,5,0,0.0,0.0,0.0,0.43448246478317476,0.0,0.0
reuse_sb__none,reuse_sb,none,Input policy,5,5,5,0,0,1.0,1.0,0.5655175352168251,1.0,,
reuse_sb__none,reuse_sb,none,Retention policy,1,5,1,4,0,0.2,0.2,0.03622410863243014,0.6244653702374747,,
reuse_sb__none,reuse_sb,none,Parser robustness,1,5,0,5,0,0.0,0.0,0.0,0.43448246478317476,,
reuse_sb__none,reuse_sb,none,Resource stress,2,5,4,1,0,0.8,0.8,0.37553462976252533,0.9637758913675698,,
reuse_sb__none,reuse_sb,none,Deserialization dispatch,1,5,0,5,0,0.0,0.0,0.0,0.43448246478317476,,
reuse_sb__overview,reuse_sb,overview,Input policy,5,5,5,0,0,1.0,1.0,0.5655175352168251,1.0,0.0,0.0
reuse_sb__overview,reuse_sb,overview,Retention policy,1,5,4,1,0,0.8,0.8,0.37553462976252533,0.9637758913675698,0.6000000000000001,0.6000000000000001
reuse_sb__overview,reuse_sb,overview,Parser robustness,1,5,0,5,0,0.0,0.0,0.0,0.43448246478317476,0.0,0.0
reuse_sb__overview,reuse_sb,overview,Resource stress,2,5,2,0,3,0.4,1.0,,,-0.4,0.19999999999999996
reuse_sb__overview,reuse_sb,overview,Deserialization dispatch,1,5,0,5,0,0.0,0.0,0.0,0.43448246478317476,0.0,0.0
reuse_sb__requirements,reuse_sb,requirements,Input policy,5,5,0,3,2,0.0,0.4,,,-1.0,-0.6
reuse_sb__requirements,reuse_sb,requirements,Retention policy,1,5,0,3,2,0.0,0.4,,,-0.2,0.2
reuse_sb__requirements,reuse_sb,requirements,Parser robustness,1,5,0,3,2,0.0,0.4,,,0.0,0.4
reuse_sb__requirements,reuse_sb,requirements,Resource stress,2,5,3,0,2,0.6,1.0,,,-0.20000000000000007,0.19999999999999996
reuse_sb__requirements,reuse_sb,requirements,Deserialization dispatch,1,5,0,3,2,0.0,0.4,,,0.0,0.4
reuse_sb__boundaries,reuse_sb,boundaries,Input policy,5,5,4,0,1,0.8,1.0,,,-0.19999999999999996,0.0
reuse_sb__boundaries,reuse_sb,boundaries,Retention policy,1,5,0,4,1,0.0,0.2,,,-0.2,0.0
reuse_sb__boundaries,reuse_sb,boundaries,Parser robustness,1,5,0,4,1,0.0,0.2,,,0.0,0.2
reuse_sb__boundaries,reuse_sb,boundaries,Resource stress,2,5,0,2,3,0.0,0.6,,,-0.8,-0.20000000000000007
reuse_sb__boundaries,reuse_sb,boundaries,Deserialization dispatch,1,5,0,4,1,0.0,0.2,,,0.0,0.2
