runId,condition,repetition,status,functionalSuccess,finalSubmission,compilation,class,rejectsNullName,mechanism,nullNameTestsFailed,failingChecks,citedLines
i16b-gen-compact__generation_s__single_shot__none__r1,generation_s__single_shot__none,1,completed,True,1,pass,fallback,fail,recorded,0,,"ApoMarioHighscore.java:40: String name = playerName == null ? ""Player"" : playerName.trim(); | ApoMarioHighscore.java:107: String name = selected.getTeamName(); | ApoMarioHighscore.java:109: if (name == null || name.trim().length() == 0) name = ""Player"";"
i16b-gen-compact__generation_s__single_shot__none__r2,generation_s__single_shot__none,2,completed,True,2,pass,fallback,fail,recorded,0,,"ApoMarioLevel.java:1188: String name = player.getTeamName(); | ApoMarioLevel.java:1189: if (name == null || name.trim().length() == 0) name = ""Player""; | ApoMarioHighscore.java:38: String name = playerName == null ? ""Player"" : playerName.trim(); | ApoMarioHighscore.java:102: String name = player.getTeamName(); | ApoMarioHighscore.java:103: if (name == null || name.trim().length() == 0) name = ""Player"";"
i16b-gen-compact__generation_s__single_shot__none__r3,generation_s__single_shot__none,3,completed,True,1,pass,fallback,fail,recorded,0,,"ApoMarioHighscore.java:38: if (playerName == null || playerName.trim().length() == 0) playerName = ""Player""; | ApoMarioHighscore.java:84: String name = player.getTeamName();"
i16b-gen-compact__generation_s__single_shot__none__r4,generation_s__single_shot__none,4,completed,True,1,pass,fallback,fail,recorded,0,,"ApoMarioHighscore.java:40: String name = playerName == null ? ""Player"" : playerName.trim(); | ApoMarioHighscore.java:76: String name = selected.getTeamName(); | ApoMarioHighscore.java:78: if (name == null || name.trim().length() == 0) name = ""Player"";"
i16b-gen-compact__generation_s__single_shot__none__r5,generation_s__single_shot__none,5,completed,True,2,pass,fallback,fail,recorded,0,,"ApoMarioHighscore.java:42: String name = playerName == null ? ""Player"" : playerName.trim(); | ApoMarioHighscore.java:75: String name = player.getTeamName(); | ApoMarioHighscore.java:77: if (name == null || name.trim().length() == 0) name = ""Player"";"
i16b-gen-compact__generation_s__single_shot__static__r1,generation_s__single_shot__static,1,budget_exhausted,False,5,pass,skip_on_null,pass,skipped_at_hook,2,recordedSurvivalTimeIsTheRealElapsedTime secondRunAlsoRecordedAndBoardSortedDescending,ApoMarioLevel.java:1187: if (human == null || human.getTeamName() == null || human.getTeamName().length() == 0) return; | ApoMarioHighscore.java:130: if (human == null || human.getTeamName() == null || human.getTeamName().length() == 0) return; | ApoMarioHighscore.java:133: String name = human.getTeamName();
i16b-gen-compact__generation_s__single_shot__static__r2,generation_s__single_shot__static,2,completed,True,4,pass,fallback,pass,recorded,0,,"ApoMarioHighscore.java:113: String name = chosen.getTeamName(); | ApoMarioHighscore.java:114: if (name == null || name.trim().length() == 0) name = ""Player"";"
i16b-gen-compact__generation_s__single_shot__static__r3,generation_s__single_shot__static,3,completed,True,3,pass,fallback,pass,recorded,0,,"ApoMarioLevel.java:1188: String name = selected.getTeamName(); | ApoMarioLevel.java:1189: if (name == null || name.trim().length() == 0) name = ""Player""; | ApoMarioHighscore.java:64: String name = selected.getTeamName(); | ApoMarioHighscore.java:65: if (name == null || name.trim().length() == 0) name = ""Player"";"
i16b-gen-compact__generation_s__single_shot__static__r4,generation_s__single_shot__static,4,budget_exhausted,False,5,pass,skip_on_null,pass,skipped_at_hook,2,recordedSurvivalTimeIsTheRealElapsedTime secondRunAlsoRecordedAndBoardSortedDescending,"ApoMarioHighscore.java:96: if (p != null && p.getAi() == null && p.getTeamName() != null && | ApoMarioHighscore.java:104: storeRun(selected.getPoints(), elapsed, selected.getTeamName());"
i16b-gen-compact__generation_s__single_shot__static__r5,generation_s__single_shot__static,5,completed,True,1,pass,fallback,pass,recorded,0,,"ApoMarioHighscore.java:65: String name = chosen.getTeamName(); | ApoMarioHighscore.java:66: if (name == null || name.trim().length() == 0) name = ""Player"";"
