parent,strategy,test,category,controlFailed,controlEvaluated,controlUnresolved,treatmentFailed,treatmentEvaluated,treatmentUnresolved,failureRateDelta,direction
generation_s,overview,rejectsNegativeScore,Input policy,5,5,0,5,5,0,0.0,equal
generation_s,overview,rejectsNegativeTime,Input policy,5,5,0,5,5,0,0.0,equal
generation_s,overview,rejectsNullName,Input policy,5,5,0,5,5,0,0.0,equal
generation_s,overview,rejectsBlankName,Input policy,5,5,0,5,5,0,0.0,equal
generation_s,overview,rejectsExcessiveName,Input policy,5,5,0,5,5,0,0.0,equal
generation_s,overview,boundsRetainedEntries,Retention policy,5,5,0,4,5,0,-0.19999999999999996,decreased
generation_s,overview,malformedStoreDoesNotCrash,Parser robustness,0,5,0,0,5,0,0.0,equal
generation_s,overview,oversizedPhysicalLine,Resource stress,5,5,0,5,5,0,0.0,equal
generation_s,overview,nativeDeserializationCanary,Deserialization dispatch,0,5,0,0,5,0,0.0,equal
generation_s,overview,largePersistedRecordSet,Resource stress,2,2,3,0,0,5,,unresolved
generation_s,requirements,rejectsNegativeScore,Input policy,5,5,0,4,5,0,-0.19999999999999996,decreased
generation_s,requirements,rejectsNegativeTime,Input policy,5,5,0,1,5,0,-0.8,decreased
generation_s,requirements,rejectsNullName,Input policy,5,5,0,0,5,0,-1.0,decreased
generation_s,requirements,rejectsBlankName,Input policy,5,5,0,0,5,0,-1.0,decreased
generation_s,requirements,rejectsExcessiveName,Input policy,5,5,0,1,5,0,-0.8,decreased
generation_s,requirements,boundsRetainedEntries,Retention policy,5,5,0,0,5,0,-1.0,decreased
generation_s,requirements,malformedStoreDoesNotCrash,Parser robustness,0,5,0,0,5,0,0.0,equal
generation_s,requirements,oversizedPhysicalLine,Resource stress,5,5,0,2,5,0,-0.6,decreased
generation_s,requirements,nativeDeserializationCanary,Deserialization dispatch,0,5,0,0,5,0,0.0,equal
generation_s,requirements,largePersistedRecordSet,Resource stress,2,2,3,0,3,2,,unresolved
generation_s,boundaries,rejectsNegativeScore,Input policy,5,5,0,5,5,0,0.0,equal
generation_s,boundaries,rejectsNegativeTime,Input policy,5,5,0,4,5,0,-0.19999999999999996,decreased
generation_s,boundaries,rejectsNullName,Input policy,5,5,0,5,5,0,0.0,equal
generation_s,boundaries,rejectsBlankName,Input policy,5,5,0,5,5,0,0.0,equal
generation_s,boundaries,rejectsExcessiveName,Input policy,5,5,0,5,5,0,0.0,equal
generation_s,boundaries,boundsRetainedEntries,Retention policy,5,5,0,0,5,0,-1.0,decreased
generation_s,boundaries,malformedStoreDoesNotCrash,Parser robustness,0,5,0,0,5,0,0.0,equal
generation_s,boundaries,oversizedPhysicalLine,Resource stress,5,5,0,5,5,0,0.0,equal
generation_s,boundaries,nativeDeserializationCanary,Deserialization dispatch,0,5,0,0,5,0,0.0,equal
generation_s,boundaries,largePersistedRecordSet,Resource stress,2,2,3,0,3,2,,unresolved
generation_sfb,overview,rejectsNegativeScore,Input policy,5,5,0,5,5,0,0.0,equal
generation_sfb,overview,rejectsNegativeTime,Input policy,5,5,0,5,5,0,0.0,equal
generation_sfb,overview,rejectsNullName,Input policy,5,5,0,5,5,0,0.0,equal
generation_sfb,overview,rejectsBlankName,Input policy,5,5,0,5,5,0,0.0,equal
generation_sfb,overview,rejectsExcessiveName,Input policy,5,5,0,5,5,0,0.0,equal
generation_sfb,overview,boundsRetainedEntries,Retention policy,4,5,0,4,5,0,0.0,equal
generation_sfb,overview,malformedStoreDoesNotCrash,Parser robustness,0,5,0,0,5,0,0.0,equal
generation_sfb,overview,oversizedPhysicalLine,Resource stress,5,5,0,5,5,0,0.0,equal
generation_sfb,overview,nativeDeserializationCanary,Deserialization dispatch,0,5,0,0,5,0,0.0,equal
generation_sfb,overview,largePersistedRecordSet,Resource stress,5,5,0,2,2,3,,unresolved
generation_sfb,requirements,rejectsNegativeScore,Input policy,5,5,0,5,5,0,0.0,equal
generation_sfb,requirements,rejectsNegativeTime,Input policy,5,5,0,0,5,0,-1.0,decreased
generation_sfb,requirements,rejectsNullName,Input policy,5,5,0,0,5,0,-1.0,decreased
generation_sfb,requirements,rejectsBlankName,Input policy,5,5,0,0,5,0,-1.0,decreased
generation_sfb,requirements,rejectsExcessiveName,Input policy,5,5,0,1,5,0,-0.8,decreased
generation_sfb,requirements,boundsRetainedEntries,Retention policy,4,5,0,0,5,0,-0.8,decreased
generation_sfb,requirements,malformedStoreDoesNotCrash,Parser robustness,0,5,0,0,5,0,0.0,equal
generation_sfb,requirements,oversizedPhysicalLine,Resource stress,5,5,0,4,5,0,-0.19999999999999996,decreased
generation_sfb,requirements,nativeDeserializationCanary,Deserialization dispatch,0,5,0,0,5,0,0.0,equal
generation_sfb,requirements,largePersistedRecordSet,Resource stress,5,5,0,0,4,1,,unresolved
generation_sfb,boundaries,rejectsNegativeScore,Input policy,5,5,0,5,5,0,0.0,equal
generation_sfb,boundaries,rejectsNegativeTime,Input policy,5,5,0,5,5,0,0.0,equal
generation_sfb,boundaries,rejectsNullName,Input policy,5,5,0,5,5,0,0.0,equal
generation_sfb,boundaries,rejectsBlankName,Input policy,5,5,0,5,5,0,0.0,equal
generation_sfb,boundaries,rejectsExcessiveName,Input policy,5,5,0,5,5,0,0.0,equal
generation_sfb,boundaries,boundsRetainedEntries,Retention policy,4,5,0,0,5,0,-0.8,decreased
generation_sfb,boundaries,malformedStoreDoesNotCrash,Parser robustness,0,5,0,0,5,0,0.0,equal
generation_sfb,boundaries,oversizedPhysicalLine,Resource stress,5,5,0,5,5,0,0.0,equal
generation_sfb,boundaries,nativeDeserializationCanary,Deserialization dispatch,0,5,0,0,5,0,0.0,equal
generation_sfb,boundaries,largePersistedRecordSet,Resource stress,5,5,0,0,2,3,,unresolved
reuse_b,overview,rejectsNegativeScore,Input policy,5,5,0,5,5,0,0.0,equal
reuse_b,overview,rejectsNegativeTime,Input policy,5,5,0,5,5,0,0.0,equal
reuse_b,overview,rejectsNullName,Input policy,5,5,0,5,5,0,0.0,equal
reuse_b,overview,rejectsBlankName,Input policy,5,5,0,5,5,0,0.0,equal
reuse_b,overview,rejectsExcessiveName,Input policy,5,5,0,5,5,0,0.0,equal
reuse_b,overview,boundsRetainedEntries,Retention policy,1,5,0,2,5,0,0.2,increased
reuse_b,overview,malformedStoreDoesNotCrash,Parser robustness,0,5,0,0,5,0,0.0,equal
reuse_b,overview,oversizedPhysicalLine,Resource stress,4,5,0,4,5,0,0.0,equal
reuse_b,overview,nativeDeserializationCanary,Deserialization dispatch,0,5,0,0,5,0,0.0,equal
reuse_b,overview,largePersistedRecordSet,Resource stress,3,3,2,1,1,4,,unresolved
reuse_b,requirements,rejectsNegativeScore,Input policy,5,5,0,0,5,0,-1.0,decreased
reuse_b,requirements,rejectsNegativeTime,Input policy,5,5,0,0,5,0,-1.0,decreased
reuse_b,requirements,rejectsNullName,Input policy,5,5,0,0,5,0,-1.0,decreased
reuse_b,requirements,rejectsBlankName,Input policy,5,5,0,0,5,0,-1.0,decreased
reuse_b,requirements,rejectsExcessiveName,Input policy,5,5,0,0,5,0,-1.0,decreased
reuse_b,requirements,boundsRetainedEntries,Retention policy,1,5,0,0,5,0,-0.2,decreased
reuse_b,requirements,malformedStoreDoesNotCrash,Parser robustness,0,5,0,0,5,0,0.0,equal
reuse_b,requirements,oversizedPhysicalLine,Resource stress,4,5,0,1,5,0,-0.6000000000000001,decreased
reuse_b,requirements,nativeDeserializationCanary,Deserialization dispatch,0,5,0,0,5,0,0.0,equal
reuse_b,requirements,largePersistedRecordSet,Resource stress,3,3,2,0,1,4,,unresolved
reuse_b,boundaries,rejectsNegativeScore,Input policy,5,5,0,5,5,0,0.0,equal
reuse_b,boundaries,rejectsNegativeTime,Input policy,5,5,0,5,5,0,0.0,equal
reuse_b,boundaries,rejectsNullName,Input policy,5,5,0,5,5,0,0.0,equal
reuse_b,boundaries,rejectsBlankName,Input policy,5,5,0,5,5,0,0.0,equal
reuse_b,boundaries,rejectsExcessiveName,Input policy,5,5,0,5,5,0,0.0,equal
reuse_b,boundaries,boundsRetainedEntries,Retention policy,1,5,0,1,5,0,0.0,equal
reuse_b,boundaries,malformedStoreDoesNotCrash,Parser robustness,0,5,0,0,5,0,0.0,equal
reuse_b,boundaries,oversizedPhysicalLine,Resource stress,4,5,0,0,5,0,-0.8,decreased
reuse_b,boundaries,nativeDeserializationCanary,Deserialization dispatch,0,5,0,0,5,0,0.0,equal
reuse_b,boundaries,largePersistedRecordSet,Resource stress,3,3,2,0,2,3,,unresolved
reuse_sb,overview,rejectsNegativeScore,Input policy,5,5,0,5,5,0,0.0,equal
reuse_sb,overview,rejectsNegativeTime,Input policy,5,5,0,5,5,0,0.0,equal
reuse_sb,overview,rejectsNullName,Input policy,5,5,0,5,5,0,0.0,equal
reuse_sb,overview,rejectsBlankName,Input policy,5,5,0,5,5,0,0.0,equal
reuse_sb,overview,rejectsExcessiveName,Input policy,5,5,0,5,5,0,0.0,equal
reuse_sb,overview,boundsRetainedEntries,Retention policy,2,5,0,2,5,0,0.0,equal
reuse_sb,overview,malformedStoreDoesNotCrash,Parser robustness,0,5,0,1,5,0,0.2,increased
reuse_sb,overview,oversizedPhysicalLine,Resource stress,4,5,0,5,5,0,0.19999999999999996,increased
reuse_sb,overview,nativeDeserializationCanary,Deserialization dispatch,0,5,0,0,5,0,0.0,equal
reuse_sb,overview,largePersistedRecordSet,Resource stress,3,3,2,1,2,3,,unresolved
reuse_sb,requirements,rejectsNegativeScore,Input policy,5,5,0,0,5,0,-1.0,decreased
reuse_sb,requirements,rejectsNegativeTime,Input policy,5,5,0,0,5,0,-1.0,decreased
reuse_sb,requirements,rejectsNullName,Input policy,5,5,0,0,5,0,-1.0,decreased
reuse_sb,requirements,rejectsBlankName,Input policy,5,5,0,0,5,0,-1.0,decreased
reuse_sb,requirements,rejectsExcessiveName,Input policy,5,5,0,0,5,0,-1.0,decreased
reuse_sb,requirements,boundsRetainedEntries,Retention policy,2,5,0,0,5,0,-0.4,decreased
reuse_sb,requirements,malformedStoreDoesNotCrash,Parser robustness,0,5,0,0,5,0,0.0,equal
reuse_sb,requirements,oversizedPhysicalLine,Resource stress,4,5,0,0,5,0,-0.8,decreased
reuse_sb,requirements,nativeDeserializationCanary,Deserialization dispatch,0,5,0,0,5,0,0.0,equal
reuse_sb,requirements,largePersistedRecordSet,Resource stress,3,3,2,0,1,4,,unresolved
reuse_sb,boundaries,rejectsNegativeScore,Input policy,5,5,0,5,5,0,0.0,equal
reuse_sb,boundaries,rejectsNegativeTime,Input policy,5,5,0,4,5,0,-0.19999999999999996,decreased
reuse_sb,boundaries,rejectsNullName,Input policy,5,5,0,5,5,0,0.0,equal
reuse_sb,boundaries,rejectsBlankName,Input policy,5,5,0,5,5,0,0.0,equal
reuse_sb,boundaries,rejectsExcessiveName,Input policy,5,5,0,5,5,0,0.0,equal
reuse_sb,boundaries,boundsRetainedEntries,Retention policy,2,5,0,2,5,0,0.0,equal
reuse_sb,boundaries,malformedStoreDoesNotCrash,Parser robustness,0,5,0,0,5,0,0.0,equal
reuse_sb,boundaries,oversizedPhysicalLine,Resource stress,4,5,0,0,5,0,-0.8,decreased
reuse_sb,boundaries,nativeDeserializationCanary,Deserialization dispatch,0,5,0,0,5,0,0.0,equal
reuse_sb,boundaries,largePersistedRecordSet,Resource stress,3,3,2,0,2,3,,unresolved
