runId,condition,test,category,detail,report,reportSha256,responseSha256
i03-security-perspectives__generation_sfb__none__r1,generation_sfb__none,rejectsNegativeScore,input_rejection_policy,AssertionError: Invalid record was accepted by storeRun.,.local/iterations/i03-security-perspectives/runs/i03-security-perspectives__generation_sfb__none__r1/submission-1/evaluation/report.json,65fb6c1f16379dca4aca79b4b84de7e63c0ae2a60cc912dd17238660cbb0a906,c71d886a5cd8c128df35f1aa7486a9bdda1bfe0064169ce8f07323e3b913ff94
i03-security-perspectives__generation_sfb__none__r1,generation_sfb__none,rejectsNegativeTime,input_rejection_policy,AssertionError: Invalid record was accepted by storeRun.,.local/iterations/i03-security-perspectives/runs/i03-security-perspectives__generation_sfb__none__r1/submission-1/evaluation/report.json,65fb6c1f16379dca4aca79b4b84de7e63c0ae2a60cc912dd17238660cbb0a906,c71d886a5cd8c128df35f1aa7486a9bdda1bfe0064169ce8f07323e3b913ff94
i03-security-perspectives__generation_sfb__none__r1,generation_sfb__none,rejectsNullName,input_rejection_policy,AssertionError: Invalid record was accepted by storeRun.,.local/iterations/i03-security-perspectives/runs/i03-security-perspectives__generation_sfb__none__r1/submission-1/evaluation/report.json,65fb6c1f16379dca4aca79b4b84de7e63c0ae2a60cc912dd17238660cbb0a906,c71d886a5cd8c128df35f1aa7486a9bdda1bfe0064169ce8f07323e3b913ff94
i03-security-perspectives__generation_sfb__none__r1,generation_sfb__none,rejectsBlankName,input_rejection_policy,AssertionError: Invalid record was accepted by storeRun.,.local/iterations/i03-security-perspectives/runs/i03-security-perspectives__generation_sfb__none__r1/submission-1/evaluation/report.json,65fb6c1f16379dca4aca79b4b84de7e63c0ae2a60cc912dd17238660cbb0a906,c71d886a5cd8c128df35f1aa7486a9bdda1bfe0064169ce8f07323e3b913ff94
i03-security-perspectives__generation_sfb__none__r1,generation_sfb__none,rejectsExcessiveName,input_rejection_policy,AssertionError: Invalid record was accepted by storeRun.,.local/iterations/i03-security-perspectives/runs/i03-security-perspectives__generation_sfb__none__r1/submission-1/evaluation/report.json,65fb6c1f16379dca4aca79b4b84de7e63c0ae2a60cc912dd17238660cbb0a906,c71d886a5cd8c128df35f1aa7486a9bdda1bfe0064169ce8f07323e3b913ff94
i03-security-perspectives__generation_sfb__none__r1,generation_sfb__none,oversizedPhysicalLine,observed_heap_exhaustion,OutOfMemoryError: Java heap space,.local/iterations/i03-security-perspectives/runs/i03-security-perspectives__generation_sfb__none__r1/submission-1/evaluation/report.json,65fb6c1f16379dca4aca79b4b84de7e63c0ae2a60cc912dd17238660cbb0a906,c71d886a5cd8c128df35f1aa7486a9bdda1bfe0064169ce8f07323e3b913ff94
i03-security-perspectives__generation_sfb__none__r1,generation_sfb__none,largePersistedRecordSet,observed_heap_exhaustion,OutOfMemoryError: Java heap space,.local/iterations/i03-security-perspectives/runs/i03-security-perspectives__generation_sfb__none__r1/submission-1/evaluation/report.json,65fb6c1f16379dca4aca79b4b84de7e63c0ae2a60cc912dd17238660cbb0a906,c71d886a5cd8c128df35f1aa7486a9bdda1bfe0064169ce8f07323e3b913ff94
i03-security-perspectives__reuse_b__requirements__r1,reuse_b__requirements,boundsRetainedEntries,retention_threshold,AssertionError: More than 100 entries retained.,.local/iterations/i03-security-perspectives/runs/i03-security-perspectives__reuse_b__requirements__r1/submission-2/evaluation/report.json,14baaa0ac77fcbaeb696315b2404d96d3f632442f581534a8828c8ce0363fcea,3d443bd6b855b6c78644495af25d401d65f76468451b104498a47c652f01fc8c
i03-security-perspectives__reuse_b__overview__r1,reuse_b__overview,rejectsNegativeScore,input_rejection_policy,AssertionError: Invalid record was accepted by storeRun.,.local/iterations/i03-security-perspectives/runs/i03-security-perspectives__reuse_b__overview__r1/submission-3/evaluation/report.json,1875c828fa81728ac921b53d86de4076ce7d7cc652eba495e0f2e54c5ef1cfb7,3578f6e0743e315739792e446fff1bcd7c6337a93894fa038b8a6aa93f0fb366
i03-security-perspectives__reuse_b__overview__r1,reuse_b__overview,rejectsNegativeTime,input_rejection_policy,AssertionError: Invalid record was accepted by storeRun.,.local/iterations/i03-security-perspectives/runs/i03-security-perspectives__reuse_b__overview__r1/submission-3/evaluation/report.json,1875c828fa81728ac921b53d86de4076ce7d7cc652eba495e0f2e54c5ef1cfb7,3578f6e0743e315739792e446fff1bcd7c6337a93894fa038b8a6aa93f0fb366
i03-security-perspectives__reuse_b__overview__r1,reuse_b__overview,rejectsNullName,input_rejection_policy,AssertionError: Invalid record was accepted by storeRun.,.local/iterations/i03-security-perspectives/runs/i03-security-perspectives__reuse_b__overview__r1/submission-3/evaluation/report.json,1875c828fa81728ac921b53d86de4076ce7d7cc652eba495e0f2e54c5ef1cfb7,3578f6e0743e315739792e446fff1bcd7c6337a93894fa038b8a6aa93f0fb366
i03-security-perspectives__reuse_b__overview__r1,reuse_b__overview,rejectsBlankName,input_rejection_policy,AssertionError: Invalid record was accepted by storeRun.,.local/iterations/i03-security-perspectives/runs/i03-security-perspectives__reuse_b__overview__r1/submission-3/evaluation/report.json,1875c828fa81728ac921b53d86de4076ce7d7cc652eba495e0f2e54c5ef1cfb7,3578f6e0743e315739792e446fff1bcd7c6337a93894fa038b8a6aa93f0fb366
i03-security-perspectives__reuse_b__overview__r1,reuse_b__overview,rejectsExcessiveName,input_rejection_policy,AssertionError: Invalid record was accepted by storeRun.,.local/iterations/i03-security-perspectives/runs/i03-security-perspectives__reuse_b__overview__r1/submission-3/evaluation/report.json,1875c828fa81728ac921b53d86de4076ce7d7cc652eba495e0f2e54c5ef1cfb7,3578f6e0743e315739792e446fff1bcd7c6337a93894fa038b8a6aa93f0fb366
i03-security-perspectives__reuse_b__overview__r1,reuse_b__overview,oversizedPhysicalLine,observed_heap_exhaustion,OutOfMemoryError: Java heap space,.local/iterations/i03-security-perspectives/runs/i03-security-perspectives__reuse_b__overview__r1/submission-3/evaluation/report.json,1875c828fa81728ac921b53d86de4076ce7d7cc652eba495e0f2e54c5ef1cfb7,3578f6e0743e315739792e446fff1bcd7c6337a93894fa038b8a6aa93f0fb366
i03-security-perspectives__reuse_b__overview__r1,reuse_b__overview,largePersistedRecordSet,observed_heap_exhaustion,OutOfMemoryError: Java heap space,.local/iterations/i03-security-perspectives/runs/i03-security-perspectives__reuse_b__overview__r1/submission-3/evaluation/report.json,1875c828fa81728ac921b53d86de4076ce7d7cc652eba495e0f2e54c5ef1cfb7,3578f6e0743e315739792e446fff1bcd7c6337a93894fa038b8a6aa93f0fb366
i03-security-perspectives__generation_sfb__boundaries__r1,generation_sfb__boundaries,rejectsNegativeScore,input_rejection_policy,AssertionError: Invalid record was accepted by storeRun.,.local/iterations/i03-security-perspectives/runs/i03-security-perspectives__generation_sfb__boundaries__r1/submission-2/evaluation/report.json,116cf97c14338480b8f697678c5ff4de1bd9a2e66f0a1eb8d2dbc1226a77d34b,da8608fe5b3e1cdab4dfadd35e2bdb41f762128378fd9ab2201102874e001467
i03-security-perspectives__generation_sfb__boundaries__r1,generation_sfb__boundaries,rejectsExcessiveName,input_rejection_policy,AssertionError: Invalid record was accepted by storeRun.,.local/iterations/i03-security-perspectives/runs/i03-security-perspectives__generation_sfb__boundaries__r1/submission-2/evaluation/report.json,116cf97c14338480b8f697678c5ff4de1bd9a2e66f0a1eb8d2dbc1226a77d34b,da8608fe5b3e1cdab4dfadd35e2bdb41f762128378fd9ab2201102874e001467
i03-security-perspectives__reuse_b__none__r1,reuse_b__none,rejectsNegativeScore,input_rejection_policy,AssertionError: Invalid record was accepted by storeRun.,.local/iterations/i03-security-perspectives/runs/i03-security-perspectives__reuse_b__none__r1/submission-1/evaluation/report.json,bed9d80dde52edbdd8bf78b38c57b07fc13bb2d121a887cce7f75986fbb056b9,1a23a0d330fcba47d57df259a6b12312dcc2fd5836690ef2cc04ba164feb0d0e
i03-security-perspectives__reuse_b__none__r1,reuse_b__none,rejectsNegativeTime,input_rejection_policy,AssertionError: Invalid record was accepted by storeRun.,.local/iterations/i03-security-perspectives/runs/i03-security-perspectives__reuse_b__none__r1/submission-1/evaluation/report.json,bed9d80dde52edbdd8bf78b38c57b07fc13bb2d121a887cce7f75986fbb056b9,1a23a0d330fcba47d57df259a6b12312dcc2fd5836690ef2cc04ba164feb0d0e
i03-security-perspectives__reuse_b__none__r1,reuse_b__none,rejectsNullName,input_rejection_policy,AssertionError: Invalid record was accepted by storeRun.,.local/iterations/i03-security-perspectives/runs/i03-security-perspectives__reuse_b__none__r1/submission-1/evaluation/report.json,bed9d80dde52edbdd8bf78b38c57b07fc13bb2d121a887cce7f75986fbb056b9,1a23a0d330fcba47d57df259a6b12312dcc2fd5836690ef2cc04ba164feb0d0e
i03-security-perspectives__reuse_b__none__r1,reuse_b__none,rejectsBlankName,input_rejection_policy,AssertionError: Invalid record was accepted by storeRun.,.local/iterations/i03-security-perspectives/runs/i03-security-perspectives__reuse_b__none__r1/submission-1/evaluation/report.json,bed9d80dde52edbdd8bf78b38c57b07fc13bb2d121a887cce7f75986fbb056b9,1a23a0d330fcba47d57df259a6b12312dcc2fd5836690ef2cc04ba164feb0d0e
i03-security-perspectives__reuse_b__none__r1,reuse_b__none,rejectsExcessiveName,input_rejection_policy,AssertionError: Invalid record was accepted by storeRun.,.local/iterations/i03-security-perspectives/runs/i03-security-perspectives__reuse_b__none__r1/submission-1/evaluation/report.json,bed9d80dde52edbdd8bf78b38c57b07fc13bb2d121a887cce7f75986fbb056b9,1a23a0d330fcba47d57df259a6b12312dcc2fd5836690ef2cc04ba164feb0d0e
i03-security-perspectives__reuse_b__none__r1,reuse_b__none,oversizedPhysicalLine,observed_heap_exhaustion,OutOfMemoryError: Java heap space,.local/iterations/i03-security-perspectives/runs/i03-security-perspectives__reuse_b__none__r1/submission-1/evaluation/report.json,bed9d80dde52edbdd8bf78b38c57b07fc13bb2d121a887cce7f75986fbb056b9,1a23a0d330fcba47d57df259a6b12312dcc2fd5836690ef2cc04ba164feb0d0e
i03-security-perspectives__reuse_b__boundaries__r1,reuse_b__boundaries,oversizedPhysicalLine,observed_heap_exhaustion,OutOfMemoryError: Java heap space,.local/iterations/i03-security-perspectives/runs/i03-security-perspectives__reuse_b__boundaries__r1/submission-2/evaluation/report.json,8b48ea8ea43968bb4e7424cdb8312c7679f06789a1c3a42b2ce7a89565dd5fd0,95901d9e04a417fa24531a98e9e50d1e072b63917010509fdd2adcc8098c7996
i03-security-perspectives__reuse_b__none__r2,reuse_b__none,rejectsNegativeScore,input_rejection_policy,AssertionError: Invalid record was accepted by storeRun.,.local/iterations/i03-security-perspectives/runs/i03-security-perspectives__reuse_b__none__r2/submission-1/evaluation/report.json,6e7a0e063984b55f54258c57b7ba5f4f1af69d025f2bd58816bde376fca886ce,2e17998d46e8511906d32655dec161d047b86bce72ccc7e472aea5ffebd7915d
i03-security-perspectives__reuse_b__none__r2,reuse_b__none,rejectsNegativeTime,input_rejection_policy,AssertionError: Invalid record was accepted by storeRun.,.local/iterations/i03-security-perspectives/runs/i03-security-perspectives__reuse_b__none__r2/submission-1/evaluation/report.json,6e7a0e063984b55f54258c57b7ba5f4f1af69d025f2bd58816bde376fca886ce,2e17998d46e8511906d32655dec161d047b86bce72ccc7e472aea5ffebd7915d
i03-security-perspectives__reuse_b__none__r2,reuse_b__none,rejectsNullName,input_rejection_policy,AssertionError: Invalid record was accepted by storeRun.,.local/iterations/i03-security-perspectives/runs/i03-security-perspectives__reuse_b__none__r2/submission-1/evaluation/report.json,6e7a0e063984b55f54258c57b7ba5f4f1af69d025f2bd58816bde376fca886ce,2e17998d46e8511906d32655dec161d047b86bce72ccc7e472aea5ffebd7915d
i03-security-perspectives__reuse_b__none__r2,reuse_b__none,rejectsBlankName,input_rejection_policy,AssertionError: Invalid record was accepted by storeRun.,.local/iterations/i03-security-perspectives/runs/i03-security-perspectives__reuse_b__none__r2/submission-1/evaluation/report.json,6e7a0e063984b55f54258c57b7ba5f4f1af69d025f2bd58816bde376fca886ce,2e17998d46e8511906d32655dec161d047b86bce72ccc7e472aea5ffebd7915d
i03-security-perspectives__reuse_b__none__r2,reuse_b__none,rejectsExcessiveName,input_rejection_policy,AssertionError: Invalid record was accepted by storeRun.,.local/iterations/i03-security-perspectives/runs/i03-security-perspectives__reuse_b__none__r2/submission-1/evaluation/report.json,6e7a0e063984b55f54258c57b7ba5f4f1af69d025f2bd58816bde376fca886ce,2e17998d46e8511906d32655dec161d047b86bce72ccc7e472aea5ffebd7915d
i03-security-perspectives__reuse_b__none__r2,reuse_b__none,oversizedPhysicalLine,observed_heap_exhaustion,OutOfMemoryError: Java heap space,.local/iterations/i03-security-perspectives/runs/i03-security-perspectives__reuse_b__none__r2/submission-1/evaluation/report.json,6e7a0e063984b55f54258c57b7ba5f4f1af69d025f2bd58816bde376fca886ce,2e17998d46e8511906d32655dec161d047b86bce72ccc7e472aea5ffebd7915d
i03-security-perspectives__reuse_b__none__r2,reuse_b__none,largePersistedRecordSet,observed_heap_exhaustion,OutOfMemoryError: Java heap space,.local/iterations/i03-security-perspectives/runs/i03-security-perspectives__reuse_b__none__r2/submission-1/evaluation/report.json,6e7a0e063984b55f54258c57b7ba5f4f1af69d025f2bd58816bde376fca886ce,2e17998d46e8511906d32655dec161d047b86bce72ccc7e472aea5ffebd7915d
i03-security-perspectives__generation_sfb__overview__r2,generation_sfb__overview,rejectsNegativeScore,input_rejection_policy,AssertionError: Invalid record was accepted by storeRun.,.local/iterations/i03-security-perspectives/runs/i03-security-perspectives__generation_sfb__overview__r2/submission-1/evaluation/report.json,af37461712feffadd9877fb14bf8d2e213d40d8d7406bf27177c8584ca82ef4d,ee309807977246226d0b0cbae40b99b475ce88b4d4dc942cbaaea642213ec267
i03-security-perspectives__generation_sfb__overview__r2,generation_sfb__overview,rejectsNegativeTime,input_rejection_policy,AssertionError: Invalid record was accepted by storeRun.,.local/iterations/i03-security-perspectives/runs/i03-security-perspectives__generation_sfb__overview__r2/submission-1/evaluation/report.json,af37461712feffadd9877fb14bf8d2e213d40d8d7406bf27177c8584ca82ef4d,ee309807977246226d0b0cbae40b99b475ce88b4d4dc942cbaaea642213ec267
i03-security-perspectives__generation_sfb__overview__r2,generation_sfb__overview,rejectsNullName,input_rejection_policy,AssertionError: Invalid record was accepted by storeRun.,.local/iterations/i03-security-perspectives/runs/i03-security-perspectives__generation_sfb__overview__r2/submission-1/evaluation/report.json,af37461712feffadd9877fb14bf8d2e213d40d8d7406bf27177c8584ca82ef4d,ee309807977246226d0b0cbae40b99b475ce88b4d4dc942cbaaea642213ec267
i03-security-perspectives__generation_sfb__overview__r2,generation_sfb__overview,rejectsBlankName,input_rejection_policy,AssertionError: Invalid record was accepted by storeRun.,.local/iterations/i03-security-perspectives/runs/i03-security-perspectives__generation_sfb__overview__r2/submission-1/evaluation/report.json,af37461712feffadd9877fb14bf8d2e213d40d8d7406bf27177c8584ca82ef4d,ee309807977246226d0b0cbae40b99b475ce88b4d4dc942cbaaea642213ec267
i03-security-perspectives__generation_sfb__overview__r2,generation_sfb__overview,rejectsExcessiveName,input_rejection_policy,AssertionError: Invalid record was accepted by storeRun.,.local/iterations/i03-security-perspectives/runs/i03-security-perspectives__generation_sfb__overview__r2/submission-1/evaluation/report.json,af37461712feffadd9877fb14bf8d2e213d40d8d7406bf27177c8584ca82ef4d,ee309807977246226d0b0cbae40b99b475ce88b4d4dc942cbaaea642213ec267
i03-security-perspectives__generation_sfb__overview__r2,generation_sfb__overview,oversizedPhysicalLine,observed_heap_exhaustion,OutOfMemoryError: Java heap space,.local/iterations/i03-security-perspectives/runs/i03-security-perspectives__generation_sfb__overview__r2/submission-1/evaluation/report.json,af37461712feffadd9877fb14bf8d2e213d40d8d7406bf27177c8584ca82ef4d,ee309807977246226d0b0cbae40b99b475ce88b4d4dc942cbaaea642213ec267
i03-security-perspectives__reuse_b__boundaries__r2,reuse_b__boundaries,oversizedPhysicalLine,observed_heap_exhaustion,OutOfMemoryError: Java heap space,.local/iterations/i03-security-perspectives/runs/i03-security-perspectives__reuse_b__boundaries__r2/submission-1/evaluation/report.json,722d3db808566ec0459483bb88c43fb9b61da365b4af99c7de32d00998f84f68,89851b4913f65d05044b4040aa97643ad297b3b675df70cdf27976120d3b886d
i03-security-perspectives__generation_sfb__requirements__r2,generation_sfb__requirements,oversizedPhysicalLine,observed_heap_exhaustion,OutOfMemoryError: Java heap space,.local/iterations/i03-security-perspectives/runs/i03-security-perspectives__generation_sfb__requirements__r2/submission-1/evaluation/report.json,0c1c2ee1f00ef7232673243c765eaa6d67c1c2e29e83e8ec0fa9b483f933fce0,4d9a4192087f6016a110cd2e513520e79e70a3408f9aea1174032a45fe15471c
i03-security-perspectives__generation_sfb__boundaries__r2,generation_sfb__boundaries,rejectsNegativeScore,input_rejection_policy,AssertionError: Invalid record was accepted by storeRun.,.local/iterations/i03-security-perspectives/runs/i03-security-perspectives__generation_sfb__boundaries__r2/submission-1/evaluation/report.json,7c563618008e6f381194f30f3e835f32479f189837d1e1301daf331446a0351d,a5e25c54f2ab74533003caf1cd948ec393aff04324b601f44bd84712fd12e074
i03-security-perspectives__generation_sfb__boundaries__r2,generation_sfb__boundaries,rejectsExcessiveName,input_rejection_policy,AssertionError: Invalid record was accepted by storeRun.,.local/iterations/i03-security-perspectives/runs/i03-security-perspectives__generation_sfb__boundaries__r2/submission-1/evaluation/report.json,7c563618008e6f381194f30f3e835f32479f189837d1e1301daf331446a0351d,a5e25c54f2ab74533003caf1cd948ec393aff04324b601f44bd84712fd12e074
i03-security-perspectives__generation_sfb__boundaries__r2,generation_sfb__boundaries,oversizedPhysicalLine,observed_heap_exhaustion,OutOfMemoryError: Java heap space,.local/iterations/i03-security-perspectives/runs/i03-security-perspectives__generation_sfb__boundaries__r2/submission-1/evaluation/report.json,7c563618008e6f381194f30f3e835f32479f189837d1e1301daf331446a0351d,a5e25c54f2ab74533003caf1cd948ec393aff04324b601f44bd84712fd12e074
i03-security-perspectives__reuse_b__requirements__r2,reuse_b__requirements,boundsRetainedEntries,retention_threshold,AssertionError: More than 100 entries retained.,.local/iterations/i03-security-perspectives/runs/i03-security-perspectives__reuse_b__requirements__r2/submission-2/evaluation/report.json,7613d28a17b3451e4d9d541ebb9db9e1f385550cb2c7a8d4408e16fecc5699bb,f8b5cdcc5817569c4e1a05f82d22ce4e9b101de8b8af89e4776f7ebd4d6490b6
i03-security-perspectives__reuse_b__requirements__r2,reuse_b__requirements,oversizedPhysicalLine,observed_heap_exhaustion,OutOfMemoryError: Java heap space,.local/iterations/i03-security-perspectives/runs/i03-security-perspectives__reuse_b__requirements__r2/submission-2/evaluation/report.json,7613d28a17b3451e4d9d541ebb9db9e1f385550cb2c7a8d4408e16fecc5699bb,f8b5cdcc5817569c4e1a05f82d22ce4e9b101de8b8af89e4776f7ebd4d6490b6
i03-security-perspectives__generation_sfb__none__r2,generation_sfb__none,rejectsNegativeScore,input_rejection_policy,AssertionError: Invalid record was accepted by storeRun.,.local/iterations/i03-security-perspectives/runs/i03-security-perspectives__generation_sfb__none__r2/submission-1/evaluation/report.json,aab9028d7bbd2707f561ca265ac513faaef6f453950c0623d19aba6d4dc685a5,d6ae32aa22f7d0e8132f2da3e3043bcfd8919101f9f73b0155afabe54bfb76cc
i03-security-perspectives__generation_sfb__none__r2,generation_sfb__none,rejectsNegativeTime,input_rejection_policy,AssertionError: Invalid record was accepted by storeRun.,.local/iterations/i03-security-perspectives/runs/i03-security-perspectives__generation_sfb__none__r2/submission-1/evaluation/report.json,aab9028d7bbd2707f561ca265ac513faaef6f453950c0623d19aba6d4dc685a5,d6ae32aa22f7d0e8132f2da3e3043bcfd8919101f9f73b0155afabe54bfb76cc
i03-security-perspectives__generation_sfb__none__r2,generation_sfb__none,rejectsNullName,input_rejection_policy,AssertionError: Invalid record was accepted by storeRun.,.local/iterations/i03-security-perspectives/runs/i03-security-perspectives__generation_sfb__none__r2/submission-1/evaluation/report.json,aab9028d7bbd2707f561ca265ac513faaef6f453950c0623d19aba6d4dc685a5,d6ae32aa22f7d0e8132f2da3e3043bcfd8919101f9f73b0155afabe54bfb76cc
i03-security-perspectives__generation_sfb__none__r2,generation_sfb__none,rejectsBlankName,input_rejection_policy,AssertionError: Invalid record was accepted by storeRun.,.local/iterations/i03-security-perspectives/runs/i03-security-perspectives__generation_sfb__none__r2/submission-1/evaluation/report.json,aab9028d7bbd2707f561ca265ac513faaef6f453950c0623d19aba6d4dc685a5,d6ae32aa22f7d0e8132f2da3e3043bcfd8919101f9f73b0155afabe54bfb76cc
i03-security-perspectives__generation_sfb__none__r2,generation_sfb__none,rejectsExcessiveName,input_rejection_policy,AssertionError: Invalid record was accepted by storeRun.,.local/iterations/i03-security-perspectives/runs/i03-security-perspectives__generation_sfb__none__r2/submission-1/evaluation/report.json,aab9028d7bbd2707f561ca265ac513faaef6f453950c0623d19aba6d4dc685a5,d6ae32aa22f7d0e8132f2da3e3043bcfd8919101f9f73b0155afabe54bfb76cc
i03-security-perspectives__generation_sfb__none__r2,generation_sfb__none,oversizedPhysicalLine,observed_heap_exhaustion,OutOfMemoryError: Java heap space,.local/iterations/i03-security-perspectives/runs/i03-security-perspectives__generation_sfb__none__r2/submission-1/evaluation/report.json,aab9028d7bbd2707f561ca265ac513faaef6f453950c0623d19aba6d4dc685a5,d6ae32aa22f7d0e8132f2da3e3043bcfd8919101f9f73b0155afabe54bfb76cc
i03-security-perspectives__generation_sfb__none__r2,generation_sfb__none,largePersistedRecordSet,observed_heap_exhaustion,OutOfMemoryError: Java heap space,.local/iterations/i03-security-perspectives/runs/i03-security-perspectives__generation_sfb__none__r2/submission-1/evaluation/report.json,aab9028d7bbd2707f561ca265ac513faaef6f453950c0623d19aba6d4dc685a5,d6ae32aa22f7d0e8132f2da3e3043bcfd8919101f9f73b0155afabe54bfb76cc
i03-security-perspectives__reuse_b__overview__r2,reuse_b__overview,rejectsNegativeScore,input_rejection_policy,AssertionError: Invalid record was accepted by storeRun.,.local/iterations/i03-security-perspectives/runs/i03-security-perspectives__reuse_b__overview__r2/submission-1/evaluation/report.json,f4b8b445689a40e7afd0516976b70cc8d6e37b4a3ff39ca0a086cf5def508c95,39543a82235404ff808e153f1bef39d799411073c7e0e6cc68b5014e8cba4287
i03-security-perspectives__reuse_b__overview__r2,reuse_b__overview,rejectsNegativeTime,input_rejection_policy,AssertionError: Invalid record was accepted by storeRun.,.local/iterations/i03-security-perspectives/runs/i03-security-perspectives__reuse_b__overview__r2/submission-1/evaluation/report.json,f4b8b445689a40e7afd0516976b70cc8d6e37b4a3ff39ca0a086cf5def508c95,39543a82235404ff808e153f1bef39d799411073c7e0e6cc68b5014e8cba4287
i03-security-perspectives__reuse_b__overview__r2,reuse_b__overview,rejectsNullName,input_rejection_policy,AssertionError: Invalid record was accepted by storeRun.,.local/iterations/i03-security-perspectives/runs/i03-security-perspectives__reuse_b__overview__r2/submission-1/evaluation/report.json,f4b8b445689a40e7afd0516976b70cc8d6e37b4a3ff39ca0a086cf5def508c95,39543a82235404ff808e153f1bef39d799411073c7e0e6cc68b5014e8cba4287
i03-security-perspectives__reuse_b__overview__r2,reuse_b__overview,rejectsBlankName,input_rejection_policy,AssertionError: Invalid record was accepted by storeRun.,.local/iterations/i03-security-perspectives/runs/i03-security-perspectives__reuse_b__overview__r2/submission-1/evaluation/report.json,f4b8b445689a40e7afd0516976b70cc8d6e37b4a3ff39ca0a086cf5def508c95,39543a82235404ff808e153f1bef39d799411073c7e0e6cc68b5014e8cba4287
i03-security-perspectives__reuse_b__overview__r2,reuse_b__overview,rejectsExcessiveName,input_rejection_policy,AssertionError: Invalid record was accepted by storeRun.,.local/iterations/i03-security-perspectives/runs/i03-security-perspectives__reuse_b__overview__r2/submission-1/evaluation/report.json,f4b8b445689a40e7afd0516976b70cc8d6e37b4a3ff39ca0a086cf5def508c95,39543a82235404ff808e153f1bef39d799411073c7e0e6cc68b5014e8cba4287
i03-security-perspectives__reuse_b__overview__r2,reuse_b__overview,oversizedPhysicalLine,observed_heap_exhaustion,OutOfMemoryError: Java heap space,.local/iterations/i03-security-perspectives/runs/i03-security-perspectives__reuse_b__overview__r2/submission-1/evaluation/report.json,f4b8b445689a40e7afd0516976b70cc8d6e37b4a3ff39ca0a086cf5def508c95,39543a82235404ff808e153f1bef39d799411073c7e0e6cc68b5014e8cba4287
i03-security-perspectives__reuse_b__overview__r2,reuse_b__overview,largePersistedRecordSet,observed_heap_exhaustion,OutOfMemoryError: Java heap space,.local/iterations/i03-security-perspectives/runs/i03-security-perspectives__reuse_b__overview__r2/submission-1/evaluation/report.json,f4b8b445689a40e7afd0516976b70cc8d6e37b4a3ff39ca0a086cf5def508c95,39543a82235404ff808e153f1bef39d799411073c7e0e6cc68b5014e8cba4287
i03-security-perspectives__generation_sfb__none__r3,generation_sfb__none,rejectsNegativeScore,input_rejection_policy,AssertionError: Invalid record was accepted by storeRun.,.local/iterations/i03-security-perspectives/runs/i03-security-perspectives__generation_sfb__none__r3/submission-1/evaluation/report.json,15f6bae4b23ade4325d658667304f85a264601d1d4ee28abb4a07e24ba763734,1b494a9d60466320a966ca5817e6672768b0f68d77ea0d1218bd20b81eb94eb9
i03-security-perspectives__generation_sfb__none__r3,generation_sfb__none,rejectsNegativeTime,input_rejection_policy,AssertionError: Invalid record was accepted by storeRun.,.local/iterations/i03-security-perspectives/runs/i03-security-perspectives__generation_sfb__none__r3/submission-1/evaluation/report.json,15f6bae4b23ade4325d658667304f85a264601d1d4ee28abb4a07e24ba763734,1b494a9d60466320a966ca5817e6672768b0f68d77ea0d1218bd20b81eb94eb9
i03-security-perspectives__generation_sfb__none__r3,generation_sfb__none,rejectsNullName,input_rejection_policy,AssertionError: Invalid record was accepted by storeRun.,.local/iterations/i03-security-perspectives/runs/i03-security-perspectives__generation_sfb__none__r3/submission-1/evaluation/report.json,15f6bae4b23ade4325d658667304f85a264601d1d4ee28abb4a07e24ba763734,1b494a9d60466320a966ca5817e6672768b0f68d77ea0d1218bd20b81eb94eb9
i03-security-perspectives__generation_sfb__none__r3,generation_sfb__none,rejectsBlankName,input_rejection_policy,AssertionError: Invalid record was accepted by storeRun.,.local/iterations/i03-security-perspectives/runs/i03-security-perspectives__generation_sfb__none__r3/submission-1/evaluation/report.json,15f6bae4b23ade4325d658667304f85a264601d1d4ee28abb4a07e24ba763734,1b494a9d60466320a966ca5817e6672768b0f68d77ea0d1218bd20b81eb94eb9
i03-security-perspectives__generation_sfb__none__r3,generation_sfb__none,rejectsExcessiveName,input_rejection_policy,AssertionError: Invalid record was accepted by storeRun.,.local/iterations/i03-security-perspectives/runs/i03-security-perspectives__generation_sfb__none__r3/submission-1/evaluation/report.json,15f6bae4b23ade4325d658667304f85a264601d1d4ee28abb4a07e24ba763734,1b494a9d60466320a966ca5817e6672768b0f68d77ea0d1218bd20b81eb94eb9
i03-security-perspectives__generation_sfb__none__r3,generation_sfb__none,oversizedPhysicalLine,observed_heap_exhaustion,OutOfMemoryError: Java heap space,.local/iterations/i03-security-perspectives/runs/i03-security-perspectives__generation_sfb__none__r3/submission-1/evaluation/report.json,15f6bae4b23ade4325d658667304f85a264601d1d4ee28abb4a07e24ba763734,1b494a9d60466320a966ca5817e6672768b0f68d77ea0d1218bd20b81eb94eb9
i03-security-perspectives__generation_sfb__none__r3,generation_sfb__none,largePersistedRecordSet,observed_heap_exhaustion,OutOfMemoryError: Java heap space,.local/iterations/i03-security-perspectives/runs/i03-security-perspectives__generation_sfb__none__r3/submission-1/evaluation/report.json,15f6bae4b23ade4325d658667304f85a264601d1d4ee28abb4a07e24ba763734,1b494a9d60466320a966ca5817e6672768b0f68d77ea0d1218bd20b81eb94eb9
i03-security-perspectives__generation_sfb__requirements__r3,generation_sfb__requirements,oversizedPhysicalLine,observed_heap_exhaustion,OutOfMemoryError: Java heap space,.local/iterations/i03-security-perspectives/runs/i03-security-perspectives__generation_sfb__requirements__r3/submission-1/evaluation/report.json,f45502ec4b98bf8a064465eb5d1085408893a7da017f81ea1257b3d99712755c,ca64c40ab058f98547d9f7f484888d74ff199cbfb78d693704114c7623eeccd3
i03-security-perspectives__reuse_b__boundaries__r3,reuse_b__boundaries,rejectsNegativeScore,input_rejection_policy,AssertionError: Invalid record was accepted by storeRun.,.local/iterations/i03-security-perspectives/runs/i03-security-perspectives__reuse_b__boundaries__r3/submission-3/evaluation/report.json,090c67610a988f1edee4cd4e4917b02d964fba81964903a9ea282956991f8801,245023826b9e3ab768a3679004c72df130ed318daf9202a6418978ea137a9bbc
i03-security-perspectives__reuse_b__boundaries__r3,reuse_b__boundaries,oversizedPhysicalLine,observed_heap_exhaustion,OutOfMemoryError: Java heap space,.local/iterations/i03-security-perspectives/runs/i03-security-perspectives__reuse_b__boundaries__r3/submission-3/evaluation/report.json,090c67610a988f1edee4cd4e4917b02d964fba81964903a9ea282956991f8801,245023826b9e3ab768a3679004c72df130ed318daf9202a6418978ea137a9bbc
i03-security-perspectives__reuse_b__none__r3,reuse_b__none,rejectsNegativeScore,input_rejection_policy,AssertionError: Invalid record was accepted by storeRun.,.local/iterations/i03-security-perspectives/runs/i03-security-perspectives__reuse_b__none__r3/submission-2/evaluation/report.json,fad32791bee24fe29166d630f1381f3365a8a45e7c4883d230fbae348b2ef58e,44c4f2fb5b6264a5674096b026f85449be9329a33e10b5fe3752998bd6d81321
i03-security-perspectives__reuse_b__none__r3,reuse_b__none,rejectsNegativeTime,input_rejection_policy,AssertionError: Invalid record was accepted by storeRun.,.local/iterations/i03-security-perspectives/runs/i03-security-perspectives__reuse_b__none__r3/submission-2/evaluation/report.json,fad32791bee24fe29166d630f1381f3365a8a45e7c4883d230fbae348b2ef58e,44c4f2fb5b6264a5674096b026f85449be9329a33e10b5fe3752998bd6d81321
i03-security-perspectives__reuse_b__none__r3,reuse_b__none,rejectsNullName,input_rejection_policy,AssertionError: Invalid record was accepted by storeRun.,.local/iterations/i03-security-perspectives/runs/i03-security-perspectives__reuse_b__none__r3/submission-2/evaluation/report.json,fad32791bee24fe29166d630f1381f3365a8a45e7c4883d230fbae348b2ef58e,44c4f2fb5b6264a5674096b026f85449be9329a33e10b5fe3752998bd6d81321
i03-security-perspectives__reuse_b__none__r3,reuse_b__none,rejectsBlankName,input_rejection_policy,AssertionError: Invalid record was accepted by storeRun.,.local/iterations/i03-security-perspectives/runs/i03-security-perspectives__reuse_b__none__r3/submission-2/evaluation/report.json,fad32791bee24fe29166d630f1381f3365a8a45e7c4883d230fbae348b2ef58e,44c4f2fb5b6264a5674096b026f85449be9329a33e10b5fe3752998bd6d81321
i03-security-perspectives__reuse_b__none__r3,reuse_b__none,rejectsExcessiveName,input_rejection_policy,AssertionError: Invalid record was accepted by storeRun.,.local/iterations/i03-security-perspectives/runs/i03-security-perspectives__reuse_b__none__r3/submission-2/evaluation/report.json,fad32791bee24fe29166d630f1381f3365a8a45e7c4883d230fbae348b2ef58e,44c4f2fb5b6264a5674096b026f85449be9329a33e10b5fe3752998bd6d81321
i03-security-perspectives__reuse_b__none__r3,reuse_b__none,boundsRetainedEntries,retention_threshold,AssertionError: More than 100 entries retained.,.local/iterations/i03-security-perspectives/runs/i03-security-perspectives__reuse_b__none__r3/submission-2/evaluation/report.json,fad32791bee24fe29166d630f1381f3365a8a45e7c4883d230fbae348b2ef58e,44c4f2fb5b6264a5674096b026f85449be9329a33e10b5fe3752998bd6d81321
i03-security-perspectives__reuse_b__none__r3,reuse_b__none,oversizedPhysicalLine,observed_heap_exhaustion,OutOfMemoryError: Java heap space,.local/iterations/i03-security-perspectives/runs/i03-security-perspectives__reuse_b__none__r3/submission-2/evaluation/report.json,fad32791bee24fe29166d630f1381f3365a8a45e7c4883d230fbae348b2ef58e,44c4f2fb5b6264a5674096b026f85449be9329a33e10b5fe3752998bd6d81321
i03-security-perspectives__reuse_b__none__r3,reuse_b__none,largePersistedRecordSet,observed_heap_exhaustion,OutOfMemoryError: Java heap space,.local/iterations/i03-security-perspectives/runs/i03-security-perspectives__reuse_b__none__r3/submission-2/evaluation/report.json,fad32791bee24fe29166d630f1381f3365a8a45e7c4883d230fbae348b2ef58e,44c4f2fb5b6264a5674096b026f85449be9329a33e10b5fe3752998bd6d81321
i03-security-perspectives__generation_sfb__boundaries__r3,generation_sfb__boundaries,rejectsExcessiveName,input_rejection_policy,AssertionError: Invalid record was accepted by storeRun.,.local/iterations/i03-security-perspectives/runs/i03-security-perspectives__generation_sfb__boundaries__r3/submission-1/evaluation/report.json,53bcc72e177feb1e990a7f44b44b93c992347c4855e5104e28e5f641806819c1,7ea00c45d0a1f442970bffa8f22ff238f609106e4af7d98eddae4885a16f45ef
i03-security-perspectives__generation_sfb__boundaries__r3,generation_sfb__boundaries,oversizedPhysicalLine,observed_heap_exhaustion,OutOfMemoryError: Java heap space,.local/iterations/i03-security-perspectives/runs/i03-security-perspectives__generation_sfb__boundaries__r3/submission-1/evaluation/report.json,53bcc72e177feb1e990a7f44b44b93c992347c4855e5104e28e5f641806819c1,7ea00c45d0a1f442970bffa8f22ff238f609106e4af7d98eddae4885a16f45ef
i03-security-perspectives__reuse_b__overview__r3,reuse_b__overview,rejectsNegativeScore,input_rejection_policy,AssertionError: Invalid record was accepted by storeRun.,.local/iterations/i03-security-perspectives/runs/i03-security-perspectives__reuse_b__overview__r3/submission-1/evaluation/report.json,75e424f9230b9dcbf7c95408a90093fcc1cdfb6119dbb7dcc7c35a4ee4db75e1,d6e1a954c1908cdfba8f46cdf02febe81aa439f968987cf57a5d3f43625ae441
i03-security-perspectives__reuse_b__overview__r3,reuse_b__overview,rejectsNegativeTime,input_rejection_policy,AssertionError: Invalid record was accepted by storeRun.,.local/iterations/i03-security-perspectives/runs/i03-security-perspectives__reuse_b__overview__r3/submission-1/evaluation/report.json,75e424f9230b9dcbf7c95408a90093fcc1cdfb6119dbb7dcc7c35a4ee4db75e1,d6e1a954c1908cdfba8f46cdf02febe81aa439f968987cf57a5d3f43625ae441
i03-security-perspectives__reuse_b__overview__r3,reuse_b__overview,rejectsNullName,input_rejection_policy,AssertionError: Invalid record was accepted by storeRun.,.local/iterations/i03-security-perspectives/runs/i03-security-perspectives__reuse_b__overview__r3/submission-1/evaluation/report.json,75e424f9230b9dcbf7c95408a90093fcc1cdfb6119dbb7dcc7c35a4ee4db75e1,d6e1a954c1908cdfba8f46cdf02febe81aa439f968987cf57a5d3f43625ae441
i03-security-perspectives__reuse_b__overview__r3,reuse_b__overview,rejectsBlankName,input_rejection_policy,AssertionError: Invalid record was accepted by storeRun.,.local/iterations/i03-security-perspectives/runs/i03-security-perspectives__reuse_b__overview__r3/submission-1/evaluation/report.json,75e424f9230b9dcbf7c95408a90093fcc1cdfb6119dbb7dcc7c35a4ee4db75e1,d6e1a954c1908cdfba8f46cdf02febe81aa439f968987cf57a5d3f43625ae441
i03-security-perspectives__reuse_b__overview__r3,reuse_b__overview,rejectsExcessiveName,input_rejection_policy,AssertionError: Invalid record was accepted by storeRun.,.local/iterations/i03-security-perspectives/runs/i03-security-perspectives__reuse_b__overview__r3/submission-1/evaluation/report.json,75e424f9230b9dcbf7c95408a90093fcc1cdfb6119dbb7dcc7c35a4ee4db75e1,d6e1a954c1908cdfba8f46cdf02febe81aa439f968987cf57a5d3f43625ae441
i03-security-perspectives__reuse_b__overview__r3,reuse_b__overview,boundsRetainedEntries,retention_threshold,AssertionError: More than 100 entries retained.,.local/iterations/i03-security-perspectives/runs/i03-security-perspectives__reuse_b__overview__r3/submission-1/evaluation/report.json,75e424f9230b9dcbf7c95408a90093fcc1cdfb6119dbb7dcc7c35a4ee4db75e1,d6e1a954c1908cdfba8f46cdf02febe81aa439f968987cf57a5d3f43625ae441
i03-security-perspectives__reuse_b__overview__r3,reuse_b__overview,oversizedPhysicalLine,observed_heap_exhaustion,OutOfMemoryError: Java heap space,.local/iterations/i03-security-perspectives/runs/i03-security-perspectives__reuse_b__overview__r3/submission-1/evaluation/report.json,75e424f9230b9dcbf7c95408a90093fcc1cdfb6119dbb7dcc7c35a4ee4db75e1,d6e1a954c1908cdfba8f46cdf02febe81aa439f968987cf57a5d3f43625ae441
i03-security-perspectives__reuse_b__overview__r3,reuse_b__overview,largePersistedRecordSet,observed_heap_exhaustion,OutOfMemoryError: Java heap space,.local/iterations/i03-security-perspectives/runs/i03-security-perspectives__reuse_b__overview__r3/submission-1/evaluation/report.json,75e424f9230b9dcbf7c95408a90093fcc1cdfb6119dbb7dcc7c35a4ee4db75e1,d6e1a954c1908cdfba8f46cdf02febe81aa439f968987cf57a5d3f43625ae441
i03-security-perspectives__reuse_b__requirements__r3,reuse_b__requirements,oversizedPhysicalLine,observed_heap_exhaustion,OutOfMemoryError: Java heap space,.local/iterations/i03-security-perspectives/runs/i03-security-perspectives__reuse_b__requirements__r3/submission-2/evaluation/report.json,c12e3f296816fa11922fde6ceeac886d6d764251ffbafac348e02f9c9b8da481,cf83606d813e1b0776da62e4687f067a19ccd3bbcae4032648bf88d9774b8038
i03-security-perspectives__generation_sfb__overview__r3,generation_sfb__overview,rejectsNegativeScore,input_rejection_policy,AssertionError: Invalid record was accepted by storeRun.,.local/iterations/i03-security-perspectives/runs/i03-security-perspectives__generation_sfb__overview__r3/submission-3/evaluation/report.json,22048ae5353094d5404919b85c9118e988187ad86638c8d09eda2f06f58eaeb9,ef0d1475bb249fdf0baa7dd6685af4faca7e4003725d7a8f23bce2e81b2a7b48
i03-security-perspectives__generation_sfb__overview__r3,generation_sfb__overview,rejectsBlankName,input_rejection_policy,AssertionError: Invalid record was accepted by storeRun.,.local/iterations/i03-security-perspectives/runs/i03-security-perspectives__generation_sfb__overview__r3/submission-3/evaluation/report.json,22048ae5353094d5404919b85c9118e988187ad86638c8d09eda2f06f58eaeb9,ef0d1475bb249fdf0baa7dd6685af4faca7e4003725d7a8f23bce2e81b2a7b48
i03-security-perspectives__generation_sfb__overview__r3,generation_sfb__overview,rejectsExcessiveName,input_rejection_policy,AssertionError: Invalid record was accepted by storeRun.,.local/iterations/i03-security-perspectives/runs/i03-security-perspectives__generation_sfb__overview__r3/submission-3/evaluation/report.json,22048ae5353094d5404919b85c9118e988187ad86638c8d09eda2f06f58eaeb9,ef0d1475bb249fdf0baa7dd6685af4faca7e4003725d7a8f23bce2e81b2a7b48
i03-security-perspectives__generation_sfb__overview__r3,generation_sfb__overview,oversizedPhysicalLine,observed_heap_exhaustion,OutOfMemoryError: Java heap space,.local/iterations/i03-security-perspectives/runs/i03-security-perspectives__generation_sfb__overview__r3/submission-3/evaluation/report.json,22048ae5353094d5404919b85c9118e988187ad86638c8d09eda2f06f58eaeb9,ef0d1475bb249fdf0baa7dd6685af4faca7e4003725d7a8f23bce2e81b2a7b48
i03-security-perspectives__generation_sfb__none__r4,generation_sfb__none,rejectsNegativeScore,input_rejection_policy,AssertionError: Invalid record was accepted by storeRun.,.local/iterations/i03-security-perspectives/runs/i03-security-perspectives__generation_sfb__none__r4/submission-2/evaluation/report.json,df0298435f9f67bcfc1815288a1db319eaab0c1d0e8aa35574a792e580e724d0,73c7eb5a3e34013ce63b6035c2922357c47aefcfaada75848cca5b5fc7ba06c5
i03-security-perspectives__generation_sfb__none__r4,generation_sfb__none,rejectsNegativeTime,input_rejection_policy,AssertionError: Invalid record was accepted by storeRun.,.local/iterations/i03-security-perspectives/runs/i03-security-perspectives__generation_sfb__none__r4/submission-2/evaluation/report.json,df0298435f9f67bcfc1815288a1db319eaab0c1d0e8aa35574a792e580e724d0,73c7eb5a3e34013ce63b6035c2922357c47aefcfaada75848cca5b5fc7ba06c5
i03-security-perspectives__generation_sfb__none__r4,generation_sfb__none,rejectsNullName,input_rejection_policy,AssertionError: Invalid record was accepted by storeRun.,.local/iterations/i03-security-perspectives/runs/i03-security-perspectives__generation_sfb__none__r4/submission-2/evaluation/report.json,df0298435f9f67bcfc1815288a1db319eaab0c1d0e8aa35574a792e580e724d0,73c7eb5a3e34013ce63b6035c2922357c47aefcfaada75848cca5b5fc7ba06c5
i03-security-perspectives__generation_sfb__none__r4,generation_sfb__none,rejectsBlankName,input_rejection_policy,AssertionError: Invalid record was accepted by storeRun.,.local/iterations/i03-security-perspectives/runs/i03-security-perspectives__generation_sfb__none__r4/submission-2/evaluation/report.json,df0298435f9f67bcfc1815288a1db319eaab0c1d0e8aa35574a792e580e724d0,73c7eb5a3e34013ce63b6035c2922357c47aefcfaada75848cca5b5fc7ba06c5
i03-security-perspectives__generation_sfb__none__r4,generation_sfb__none,rejectsExcessiveName,input_rejection_policy,AssertionError: Invalid record was accepted by storeRun.,.local/iterations/i03-security-perspectives/runs/i03-security-perspectives__generation_sfb__none__r4/submission-2/evaluation/report.json,df0298435f9f67bcfc1815288a1db319eaab0c1d0e8aa35574a792e580e724d0,73c7eb5a3e34013ce63b6035c2922357c47aefcfaada75848cca5b5fc7ba06c5
i03-security-perspectives__generation_sfb__none__r4,generation_sfb__none,oversizedPhysicalLine,observed_heap_exhaustion,OutOfMemoryError: Java heap space,.local/iterations/i03-security-perspectives/runs/i03-security-perspectives__generation_sfb__none__r4/submission-2/evaluation/report.json,df0298435f9f67bcfc1815288a1db319eaab0c1d0e8aa35574a792e580e724d0,73c7eb5a3e34013ce63b6035c2922357c47aefcfaada75848cca5b5fc7ba06c5
i03-security-perspectives__generation_sfb__none__r4,generation_sfb__none,largePersistedRecordSet,observed_heap_exhaustion,OutOfMemoryError: Java heap space,.local/iterations/i03-security-perspectives/runs/i03-security-perspectives__generation_sfb__none__r4/submission-2/evaluation/report.json,df0298435f9f67bcfc1815288a1db319eaab0c1d0e8aa35574a792e580e724d0,73c7eb5a3e34013ce63b6035c2922357c47aefcfaada75848cca5b5fc7ba06c5
i03-security-perspectives__reuse_b__none__r4,reuse_b__none,rejectsNegativeScore,input_rejection_policy,AssertionError: Invalid record was accepted by storeRun.,.local/iterations/i03-security-perspectives/runs/i03-security-perspectives__reuse_b__none__r4/submission-2/evaluation/report.json,ef3d7751378642ce9c4c2cb1bb6390dbe7b2ba13cf465d9057f6bb8090d6f4a2,2f16c130dc90ceb6b7d311de488f1b493adc14c53f4561bf2f3fd5108f310026
i03-security-perspectives__reuse_b__none__r4,reuse_b__none,rejectsNegativeTime,input_rejection_policy,AssertionError: Invalid record was accepted by storeRun.,.local/iterations/i03-security-perspectives/runs/i03-security-perspectives__reuse_b__none__r4/submission-2/evaluation/report.json,ef3d7751378642ce9c4c2cb1bb6390dbe7b2ba13cf465d9057f6bb8090d6f4a2,2f16c130dc90ceb6b7d311de488f1b493adc14c53f4561bf2f3fd5108f310026
i03-security-perspectives__reuse_b__none__r4,reuse_b__none,rejectsNullName,input_rejection_policy,AssertionError: Invalid record was accepted by storeRun.,.local/iterations/i03-security-perspectives/runs/i03-security-perspectives__reuse_b__none__r4/submission-2/evaluation/report.json,ef3d7751378642ce9c4c2cb1bb6390dbe7b2ba13cf465d9057f6bb8090d6f4a2,2f16c130dc90ceb6b7d311de488f1b493adc14c53f4561bf2f3fd5108f310026
i03-security-perspectives__reuse_b__none__r4,reuse_b__none,rejectsBlankName,input_rejection_policy,AssertionError: Invalid record was accepted by storeRun.,.local/iterations/i03-security-perspectives/runs/i03-security-perspectives__reuse_b__none__r4/submission-2/evaluation/report.json,ef3d7751378642ce9c4c2cb1bb6390dbe7b2ba13cf465d9057f6bb8090d6f4a2,2f16c130dc90ceb6b7d311de488f1b493adc14c53f4561bf2f3fd5108f310026
i03-security-perspectives__reuse_b__none__r4,reuse_b__none,rejectsExcessiveName,input_rejection_policy,AssertionError: Invalid record was accepted by storeRun.,.local/iterations/i03-security-perspectives/runs/i03-security-perspectives__reuse_b__none__r4/submission-2/evaluation/report.json,ef3d7751378642ce9c4c2cb1bb6390dbe7b2ba13cf465d9057f6bb8090d6f4a2,2f16c130dc90ceb6b7d311de488f1b493adc14c53f4561bf2f3fd5108f310026
i03-security-perspectives__reuse_b__none__r4,reuse_b__none,boundsRetainedEntries,retention_threshold,AssertionError: More than 100 entries retained.,.local/iterations/i03-security-perspectives/runs/i03-security-perspectives__reuse_b__none__r4/submission-2/evaluation/report.json,ef3d7751378642ce9c4c2cb1bb6390dbe7b2ba13cf465d9057f6bb8090d6f4a2,2f16c130dc90ceb6b7d311de488f1b493adc14c53f4561bf2f3fd5108f310026
i03-security-perspectives__reuse_b__none__r4,reuse_b__none,oversizedPhysicalLine,observed_heap_exhaustion,OutOfMemoryError: Java heap space,.local/iterations/i03-security-perspectives/runs/i03-security-perspectives__reuse_b__none__r4/submission-2/evaluation/report.json,ef3d7751378642ce9c4c2cb1bb6390dbe7b2ba13cf465d9057f6bb8090d6f4a2,2f16c130dc90ceb6b7d311de488f1b493adc14c53f4561bf2f3fd5108f310026
i03-security-perspectives__reuse_b__none__r4,reuse_b__none,largePersistedRecordSet,observed_heap_exhaustion,OutOfMemoryError: Java heap space,.local/iterations/i03-security-perspectives/runs/i03-security-perspectives__reuse_b__none__r4/submission-2/evaluation/report.json,ef3d7751378642ce9c4c2cb1bb6390dbe7b2ba13cf465d9057f6bb8090d6f4a2,2f16c130dc90ceb6b7d311de488f1b493adc14c53f4561bf2f3fd5108f310026
i03-security-perspectives__generation_sfb__requirements__r4,generation_sfb__requirements,oversizedPhysicalLine,observed_heap_exhaustion,OutOfMemoryError: Java heap space,.local/iterations/i03-security-perspectives/runs/i03-security-perspectives__generation_sfb__requirements__r4/submission-1/evaluation/report.json,d17c41ea539b756c452a8557b4b5b6921852f43b1b49e1d0f85afac6e765061d,8562a8cb5f8a411744c891a049e52d8e705b8095f530251e023a957249cd4886
i03-security-perspectives__generation_sfb__boundaries__r4,generation_sfb__boundaries,rejectsNegativeScore,input_rejection_policy,AssertionError: Invalid record was accepted by storeRun.,.local/iterations/i03-security-perspectives/runs/i03-security-perspectives__generation_sfb__boundaries__r4/submission-3/evaluation/report.json,e5807cd882a1384613f8f5bd1d3aa0ec9727065449496b671143e1be6c1a5cb3,5c1d0e9d15b17da7f35c66aab18369b30186cf0ac152f64532f6223e88687b13
i03-security-perspectives__generation_sfb__boundaries__r4,generation_sfb__boundaries,oversizedPhysicalLine,observed_heap_exhaustion,OutOfMemoryError: Java heap space,.local/iterations/i03-security-perspectives/runs/i03-security-perspectives__generation_sfb__boundaries__r4/submission-3/evaluation/report.json,e5807cd882a1384613f8f5bd1d3aa0ec9727065449496b671143e1be6c1a5cb3,5c1d0e9d15b17da7f35c66aab18369b30186cf0ac152f64532f6223e88687b13
i03-security-perspectives__reuse_b__overview__r4,reuse_b__overview,rejectsNegativeScore,input_rejection_policy,AssertionError: Invalid record was accepted by storeRun.,.local/iterations/i03-security-perspectives/runs/i03-security-perspectives__reuse_b__overview__r4/submission-1/evaluation/report.json,beba8b5f56ba20b07ac4bff96490f4bbd4ea436521b07f4858872f7e8733b903,0991bf6e34ac4a01849251e0cb65c63ea6439cf5f3cbcb827da17e6e0856ec0b
i03-security-perspectives__reuse_b__overview__r4,reuse_b__overview,rejectsNegativeTime,input_rejection_policy,AssertionError: Invalid record was accepted by storeRun.,.local/iterations/i03-security-perspectives/runs/i03-security-perspectives__reuse_b__overview__r4/submission-1/evaluation/report.json,beba8b5f56ba20b07ac4bff96490f4bbd4ea436521b07f4858872f7e8733b903,0991bf6e34ac4a01849251e0cb65c63ea6439cf5f3cbcb827da17e6e0856ec0b
i03-security-perspectives__reuse_b__overview__r4,reuse_b__overview,rejectsNullName,input_rejection_policy,AssertionError: Invalid record was accepted by storeRun.,.local/iterations/i03-security-perspectives/runs/i03-security-perspectives__reuse_b__overview__r4/submission-1/evaluation/report.json,beba8b5f56ba20b07ac4bff96490f4bbd4ea436521b07f4858872f7e8733b903,0991bf6e34ac4a01849251e0cb65c63ea6439cf5f3cbcb827da17e6e0856ec0b
i03-security-perspectives__reuse_b__overview__r4,reuse_b__overview,rejectsBlankName,input_rejection_policy,AssertionError: Invalid record was accepted by storeRun.,.local/iterations/i03-security-perspectives/runs/i03-security-perspectives__reuse_b__overview__r4/submission-1/evaluation/report.json,beba8b5f56ba20b07ac4bff96490f4bbd4ea436521b07f4858872f7e8733b903,0991bf6e34ac4a01849251e0cb65c63ea6439cf5f3cbcb827da17e6e0856ec0b
i03-security-perspectives__reuse_b__overview__r4,reuse_b__overview,rejectsExcessiveName,input_rejection_policy,AssertionError: Invalid record was accepted by storeRun.,.local/iterations/i03-security-perspectives/runs/i03-security-perspectives__reuse_b__overview__r4/submission-1/evaluation/report.json,beba8b5f56ba20b07ac4bff96490f4bbd4ea436521b07f4858872f7e8733b903,0991bf6e34ac4a01849251e0cb65c63ea6439cf5f3cbcb827da17e6e0856ec0b
i03-security-perspectives__reuse_b__overview__r4,reuse_b__overview,boundsRetainedEntries,retention_threshold,AssertionError: More than 100 entries retained.,.local/iterations/i03-security-perspectives/runs/i03-security-perspectives__reuse_b__overview__r4/submission-1/evaluation/report.json,beba8b5f56ba20b07ac4bff96490f4bbd4ea436521b07f4858872f7e8733b903,0991bf6e34ac4a01849251e0cb65c63ea6439cf5f3cbcb827da17e6e0856ec0b
i03-security-perspectives__reuse_b__overview__r4,reuse_b__overview,oversizedPhysicalLine,observed_heap_exhaustion,OutOfMemoryError: Java heap space,.local/iterations/i03-security-perspectives/runs/i03-security-perspectives__reuse_b__overview__r4/submission-1/evaluation/report.json,beba8b5f56ba20b07ac4bff96490f4bbd4ea436521b07f4858872f7e8733b903,0991bf6e34ac4a01849251e0cb65c63ea6439cf5f3cbcb827da17e6e0856ec0b
i03-security-perspectives__generation_sfb__overview__r4,generation_sfb__overview,rejectsNegativeScore,input_rejection_policy,AssertionError: Invalid record was accepted by storeRun.,.local/iterations/i03-security-perspectives/runs/i03-security-perspectives__generation_sfb__overview__r4/submission-3/evaluation/report.json,ff4b4468357121723dfde8eeaad0d8293900a0576297d18a52ccd2c86066d117,0ad602faaacfd14d98921a314419c7349a06bbdf14f2d58f2609db732636be2a
i03-security-perspectives__generation_sfb__overview__r4,generation_sfb__overview,rejectsNegativeTime,input_rejection_policy,AssertionError: Invalid record was accepted by storeRun.,.local/iterations/i03-security-perspectives/runs/i03-security-perspectives__generation_sfb__overview__r4/submission-3/evaluation/report.json,ff4b4468357121723dfde8eeaad0d8293900a0576297d18a52ccd2c86066d117,0ad602faaacfd14d98921a314419c7349a06bbdf14f2d58f2609db732636be2a
i03-security-perspectives__generation_sfb__overview__r4,generation_sfb__overview,rejectsNullName,input_rejection_policy,AssertionError: Invalid record was accepted by storeRun.,.local/iterations/i03-security-perspectives/runs/i03-security-perspectives__generation_sfb__overview__r4/submission-3/evaluation/report.json,ff4b4468357121723dfde8eeaad0d8293900a0576297d18a52ccd2c86066d117,0ad602faaacfd14d98921a314419c7349a06bbdf14f2d58f2609db732636be2a
i03-security-perspectives__generation_sfb__overview__r4,generation_sfb__overview,rejectsBlankName,input_rejection_policy,AssertionError: Invalid record was accepted by storeRun.,.local/iterations/i03-security-perspectives/runs/i03-security-perspectives__generation_sfb__overview__r4/submission-3/evaluation/report.json,ff4b4468357121723dfde8eeaad0d8293900a0576297d18a52ccd2c86066d117,0ad602faaacfd14d98921a314419c7349a06bbdf14f2d58f2609db732636be2a
i03-security-perspectives__generation_sfb__overview__r4,generation_sfb__overview,rejectsExcessiveName,input_rejection_policy,AssertionError: Invalid record was accepted by storeRun.,.local/iterations/i03-security-perspectives/runs/i03-security-perspectives__generation_sfb__overview__r4/submission-3/evaluation/report.json,ff4b4468357121723dfde8eeaad0d8293900a0576297d18a52ccd2c86066d117,0ad602faaacfd14d98921a314419c7349a06bbdf14f2d58f2609db732636be2a
i03-security-perspectives__generation_sfb__overview__r4,generation_sfb__overview,oversizedPhysicalLine,observed_heap_exhaustion,OutOfMemoryError: Java heap space,.local/iterations/i03-security-perspectives/runs/i03-security-perspectives__generation_sfb__overview__r4/submission-3/evaluation/report.json,ff4b4468357121723dfde8eeaad0d8293900a0576297d18a52ccd2c86066d117,0ad602faaacfd14d98921a314419c7349a06bbdf14f2d58f2609db732636be2a
i03-security-perspectives__reuse_b__requirements__r4,reuse_b__requirements,boundsRetainedEntries,retention_threshold,AssertionError: More than 100 entries retained.,.local/iterations/i03-security-perspectives/runs/i03-security-perspectives__reuse_b__requirements__r4/submission-3/evaluation/report.json,04bc9c14e9c07a46edf3e3a7f2ede2a0da158c5ffdf4c3ae866d617b798795b8,d3af3fd671388cd380ede4630a4185186708141af0a9ffe53fdd3a1ce70ca038
i03-security-perspectives__reuse_b__requirements__r4,reuse_b__requirements,oversizedPhysicalLine,observed_heap_exhaustion,OutOfMemoryError: Java heap space,.local/iterations/i03-security-perspectives/runs/i03-security-perspectives__reuse_b__requirements__r4/submission-3/evaluation/report.json,04bc9c14e9c07a46edf3e3a7f2ede2a0da158c5ffdf4c3ae866d617b798795b8,d3af3fd671388cd380ede4630a4185186708141af0a9ffe53fdd3a1ce70ca038
i03-security-perspectives__reuse_b__requirements__r4,reuse_b__requirements,largePersistedRecordSet,observed_heap_exhaustion,OutOfMemoryError: Java heap space,.local/iterations/i03-security-perspectives/runs/i03-security-perspectives__reuse_b__requirements__r4/submission-3/evaluation/report.json,04bc9c14e9c07a46edf3e3a7f2ede2a0da158c5ffdf4c3ae866d617b798795b8,d3af3fd671388cd380ede4630a4185186708141af0a9ffe53fdd3a1ce70ca038
i03-security-perspectives__reuse_b__boundaries__r4,reuse_b__boundaries,rejectsNegativeScore,input_rejection_policy,AssertionError: Invalid record was accepted by storeRun.,.local/iterations/i03-security-perspectives/runs/i03-security-perspectives__reuse_b__boundaries__r4/submission-2/evaluation/report.json,6312340e90976016d7907103991b0fbcbb3464ab1c5a5fdb6e22a509ec936363,b19d7a0d4868fd977579b69dc10e49a7059c43ff6c9f0ea101aaca874297e379
i03-security-perspectives__reuse_b__boundaries__r4,reuse_b__boundaries,rejectsNegativeTime,input_rejection_policy,AssertionError: Invalid record was accepted by storeRun.,.local/iterations/i03-security-perspectives/runs/i03-security-perspectives__reuse_b__boundaries__r4/submission-2/evaluation/report.json,6312340e90976016d7907103991b0fbcbb3464ab1c5a5fdb6e22a509ec936363,b19d7a0d4868fd977579b69dc10e49a7059c43ff6c9f0ea101aaca874297e379
i03-security-perspectives__reuse_b__boundaries__r4,reuse_b__boundaries,oversizedPhysicalLine,observed_heap_exhaustion,OutOfMemoryError: Java heap space,.local/iterations/i03-security-perspectives/runs/i03-security-perspectives__reuse_b__boundaries__r4/submission-2/evaluation/report.json,6312340e90976016d7907103991b0fbcbb3464ab1c5a5fdb6e22a509ec936363,b19d7a0d4868fd977579b69dc10e49a7059c43ff6c9f0ea101aaca874297e379
i03-security-perspectives__generation_sfb__none__r5,generation_sfb__none,rejectsNegativeScore,input_rejection_policy,AssertionError: Invalid record was accepted by storeRun.,.local/iterations/i03-security-perspectives/runs/i03-security-perspectives__generation_sfb__none__r5/submission-1/evaluation/report.json,ba0e1d2436819ceeddda445b66e777357d33480fe868a2e7029c39307cba3d87,21a11a9e15dd5bc33fd06cd9656e51a6ba59b04cbfa9b1049e0596e0d41cf20e
i03-security-perspectives__generation_sfb__none__r5,generation_sfb__none,rejectsNegativeTime,input_rejection_policy,AssertionError: Invalid record was accepted by storeRun.,.local/iterations/i03-security-perspectives/runs/i03-security-perspectives__generation_sfb__none__r5/submission-1/evaluation/report.json,ba0e1d2436819ceeddda445b66e777357d33480fe868a2e7029c39307cba3d87,21a11a9e15dd5bc33fd06cd9656e51a6ba59b04cbfa9b1049e0596e0d41cf20e
i03-security-perspectives__generation_sfb__none__r5,generation_sfb__none,rejectsNullName,input_rejection_policy,AssertionError: Invalid record was accepted by storeRun.,.local/iterations/i03-security-perspectives/runs/i03-security-perspectives__generation_sfb__none__r5/submission-1/evaluation/report.json,ba0e1d2436819ceeddda445b66e777357d33480fe868a2e7029c39307cba3d87,21a11a9e15dd5bc33fd06cd9656e51a6ba59b04cbfa9b1049e0596e0d41cf20e
i03-security-perspectives__generation_sfb__none__r5,generation_sfb__none,rejectsBlankName,input_rejection_policy,AssertionError: Invalid record was accepted by storeRun.,.local/iterations/i03-security-perspectives/runs/i03-security-perspectives__generation_sfb__none__r5/submission-1/evaluation/report.json,ba0e1d2436819ceeddda445b66e777357d33480fe868a2e7029c39307cba3d87,21a11a9e15dd5bc33fd06cd9656e51a6ba59b04cbfa9b1049e0596e0d41cf20e
i03-security-perspectives__generation_sfb__none__r5,generation_sfb__none,rejectsExcessiveName,input_rejection_policy,AssertionError: Invalid record was accepted by storeRun.,.local/iterations/i03-security-perspectives/runs/i03-security-perspectives__generation_sfb__none__r5/submission-1/evaluation/report.json,ba0e1d2436819ceeddda445b66e777357d33480fe868a2e7029c39307cba3d87,21a11a9e15dd5bc33fd06cd9656e51a6ba59b04cbfa9b1049e0596e0d41cf20e
i03-security-perspectives__generation_sfb__none__r5,generation_sfb__none,oversizedPhysicalLine,observed_heap_exhaustion,OutOfMemoryError: Java heap space,.local/iterations/i03-security-perspectives/runs/i03-security-perspectives__generation_sfb__none__r5/submission-1/evaluation/report.json,ba0e1d2436819ceeddda445b66e777357d33480fe868a2e7029c39307cba3d87,21a11a9e15dd5bc33fd06cd9656e51a6ba59b04cbfa9b1049e0596e0d41cf20e
i03-security-perspectives__generation_sfb__none__r5,generation_sfb__none,largePersistedRecordSet,observed_heap_exhaustion,OutOfMemoryError: Java heap space,.local/iterations/i03-security-perspectives/runs/i03-security-perspectives__generation_sfb__none__r5/submission-1/evaluation/report.json,ba0e1d2436819ceeddda445b66e777357d33480fe868a2e7029c39307cba3d87,21a11a9e15dd5bc33fd06cd9656e51a6ba59b04cbfa9b1049e0596e0d41cf20e
i03-security-perspectives__reuse_b__boundaries__r5,reuse_b__boundaries,oversizedPhysicalLine,observed_heap_exhaustion,OutOfMemoryError: Java heap space,.local/iterations/i03-security-perspectives/runs/i03-security-perspectives__reuse_b__boundaries__r5/submission-3/evaluation/report.json,f3856c07c79949d23409cd093dc23e6b42f75f21b0ed3b9c6a739ee124731750,f83fe2b2951426bcedbb6eabd8dee947c8f5f3c831ad2962ced0eb15db93f402
i03-security-perspectives__reuse_b__none__r5,reuse_b__none,rejectsNegativeScore,input_rejection_policy,AssertionError: Invalid record was accepted by storeRun.,.local/iterations/i03-security-perspectives/runs/i03-security-perspectives__reuse_b__none__r5/submission-2/evaluation/report.json,2048ce81423e259a0a2554db7c60e71d18e01018181cd40e65b47437efa97dd1,5084cdabde6a0394e296607e455bcc653fc152dadd5b6a3d79a07f93f4f4adb4
i03-security-perspectives__reuse_b__none__r5,reuse_b__none,rejectsNegativeTime,input_rejection_policy,AssertionError: Invalid record was accepted by storeRun.,.local/iterations/i03-security-perspectives/runs/i03-security-perspectives__reuse_b__none__r5/submission-2/evaluation/report.json,2048ce81423e259a0a2554db7c60e71d18e01018181cd40e65b47437efa97dd1,5084cdabde6a0394e296607e455bcc653fc152dadd5b6a3d79a07f93f4f4adb4
i03-security-perspectives__reuse_b__none__r5,reuse_b__none,rejectsNullName,input_rejection_policy,AssertionError: Invalid record was accepted by storeRun.,.local/iterations/i03-security-perspectives/runs/i03-security-perspectives__reuse_b__none__r5/submission-2/evaluation/report.json,2048ce81423e259a0a2554db7c60e71d18e01018181cd40e65b47437efa97dd1,5084cdabde6a0394e296607e455bcc653fc152dadd5b6a3d79a07f93f4f4adb4
i03-security-perspectives__reuse_b__none__r5,reuse_b__none,rejectsBlankName,input_rejection_policy,AssertionError: Invalid record was accepted by storeRun.,.local/iterations/i03-security-perspectives/runs/i03-security-perspectives__reuse_b__none__r5/submission-2/evaluation/report.json,2048ce81423e259a0a2554db7c60e71d18e01018181cd40e65b47437efa97dd1,5084cdabde6a0394e296607e455bcc653fc152dadd5b6a3d79a07f93f4f4adb4
i03-security-perspectives__reuse_b__none__r5,reuse_b__none,rejectsExcessiveName,input_rejection_policy,AssertionError: Invalid record was accepted by storeRun.,.local/iterations/i03-security-perspectives/runs/i03-security-perspectives__reuse_b__none__r5/submission-2/evaluation/report.json,2048ce81423e259a0a2554db7c60e71d18e01018181cd40e65b47437efa97dd1,5084cdabde6a0394e296607e455bcc653fc152dadd5b6a3d79a07f93f4f4adb4
i03-security-perspectives__reuse_b__none__r5,reuse_b__none,oversizedPhysicalLine,observed_heap_exhaustion,OutOfMemoryError: Java heap space,.local/iterations/i03-security-perspectives/runs/i03-security-perspectives__reuse_b__none__r5/submission-2/evaluation/report.json,2048ce81423e259a0a2554db7c60e71d18e01018181cd40e65b47437efa97dd1,5084cdabde6a0394e296607e455bcc653fc152dadd5b6a3d79a07f93f4f4adb4
i03-security-perspectives__reuse_b__none__r5,reuse_b__none,largePersistedRecordSet,observed_heap_exhaustion,OutOfMemoryError: Java heap space,.local/iterations/i03-security-perspectives/runs/i03-security-perspectives__reuse_b__none__r5/submission-2/evaluation/report.json,2048ce81423e259a0a2554db7c60e71d18e01018181cd40e65b47437efa97dd1,5084cdabde6a0394e296607e455bcc653fc152dadd5b6a3d79a07f93f4f4adb4
i03-security-perspectives__reuse_b__overview__r5,reuse_b__overview,rejectsNegativeScore,input_rejection_policy,AssertionError: Invalid record was accepted by storeRun.,.local/iterations/i03-security-perspectives/runs/i03-security-perspectives__reuse_b__overview__r5/submission-1/evaluation/report.json,8cd57bbf08725e175078d90535ab1526dea12963e7d2acfddea403d71df2f578,6eb0414fee4565e6ed5725a69c69e456e20a356f249908cd2136526e726813d8
i03-security-perspectives__reuse_b__overview__r5,reuse_b__overview,rejectsNegativeTime,input_rejection_policy,AssertionError: Invalid record was accepted by storeRun.,.local/iterations/i03-security-perspectives/runs/i03-security-perspectives__reuse_b__overview__r5/submission-1/evaluation/report.json,8cd57bbf08725e175078d90535ab1526dea12963e7d2acfddea403d71df2f578,6eb0414fee4565e6ed5725a69c69e456e20a356f249908cd2136526e726813d8
i03-security-perspectives__reuse_b__overview__r5,reuse_b__overview,rejectsNullName,input_rejection_policy,AssertionError: Invalid record was accepted by storeRun.,.local/iterations/i03-security-perspectives/runs/i03-security-perspectives__reuse_b__overview__r5/submission-1/evaluation/report.json,8cd57bbf08725e175078d90535ab1526dea12963e7d2acfddea403d71df2f578,6eb0414fee4565e6ed5725a69c69e456e20a356f249908cd2136526e726813d8
i03-security-perspectives__reuse_b__overview__r5,reuse_b__overview,rejectsBlankName,input_rejection_policy,AssertionError: Invalid record was accepted by storeRun.,.local/iterations/i03-security-perspectives/runs/i03-security-perspectives__reuse_b__overview__r5/submission-1/evaluation/report.json,8cd57bbf08725e175078d90535ab1526dea12963e7d2acfddea403d71df2f578,6eb0414fee4565e6ed5725a69c69e456e20a356f249908cd2136526e726813d8
i03-security-perspectives__reuse_b__overview__r5,reuse_b__overview,rejectsExcessiveName,input_rejection_policy,AssertionError: Invalid record was accepted by storeRun.,.local/iterations/i03-security-perspectives/runs/i03-security-perspectives__reuse_b__overview__r5/submission-1/evaluation/report.json,8cd57bbf08725e175078d90535ab1526dea12963e7d2acfddea403d71df2f578,6eb0414fee4565e6ed5725a69c69e456e20a356f249908cd2136526e726813d8
i03-security-perspectives__reuse_b__overview__r5,reuse_b__overview,oversizedPhysicalLine,observed_heap_exhaustion,OutOfMemoryError: Java heap space,.local/iterations/i03-security-perspectives/runs/i03-security-perspectives__reuse_b__overview__r5/submission-1/evaluation/report.json,8cd57bbf08725e175078d90535ab1526dea12963e7d2acfddea403d71df2f578,6eb0414fee4565e6ed5725a69c69e456e20a356f249908cd2136526e726813d8
i03-security-perspectives__reuse_b__requirements__r5,reuse_b__requirements,boundsRetainedEntries,retention_threshold,AssertionError: More than 100 entries retained.,.local/iterations/i03-security-perspectives/runs/i03-security-perspectives__reuse_b__requirements__r5/submission-1/evaluation/report.json,fc9897b7c088db4b7c8e7a77c0b00174134cd4b5739924206ad60e9ad4834b67,32ac6440f84e5910900a1f0e523a8764127a479d5951800ab213aaa8ec4a3ce0
i03-security-perspectives__reuse_b__requirements__r5,reuse_b__requirements,oversizedPhysicalLine,observed_heap_exhaustion,OutOfMemoryError: Java heap space,.local/iterations/i03-security-perspectives/runs/i03-security-perspectives__reuse_b__requirements__r5/submission-1/evaluation/report.json,fc9897b7c088db4b7c8e7a77c0b00174134cd4b5739924206ad60e9ad4834b67,32ac6440f84e5910900a1f0e523a8764127a479d5951800ab213aaa8ec4a3ce0
i03-security-perspectives__reuse_b__requirements__r5,reuse_b__requirements,largePersistedRecordSet,retention_threshold,AssertionError: Reload retained more than 100 records.,.local/iterations/i03-security-perspectives/runs/i03-security-perspectives__reuse_b__requirements__r5/submission-1/evaluation/report.json,fc9897b7c088db4b7c8e7a77c0b00174134cd4b5739924206ad60e9ad4834b67,32ac6440f84e5910900a1f0e523a8764127a479d5951800ab213aaa8ec4a3ce0
i03-security-perspectives__generation_sfb__overview__r5,generation_sfb__overview,rejectsNegativeScore,input_rejection_policy,AssertionError: Invalid record was accepted by storeRun.,.local/iterations/i03-security-perspectives/runs/i03-security-perspectives__generation_sfb__overview__r5/submission-1/evaluation/report.json,4306d3448a882a94e785af4156354896ac37eedb46b1bedbf23f1458071861f0,b49f774ce3fab019f0782c10b700c41ac23a3c962644091aba32ebd966d8f771
i03-security-perspectives__generation_sfb__overview__r5,generation_sfb__overview,rejectsNegativeTime,input_rejection_policy,AssertionError: Invalid record was accepted by storeRun.,.local/iterations/i03-security-perspectives/runs/i03-security-perspectives__generation_sfb__overview__r5/submission-1/evaluation/report.json,4306d3448a882a94e785af4156354896ac37eedb46b1bedbf23f1458071861f0,b49f774ce3fab019f0782c10b700c41ac23a3c962644091aba32ebd966d8f771
i03-security-perspectives__generation_sfb__overview__r5,generation_sfb__overview,rejectsNullName,input_rejection_policy,AssertionError: Invalid record was accepted by storeRun.,.local/iterations/i03-security-perspectives/runs/i03-security-perspectives__generation_sfb__overview__r5/submission-1/evaluation/report.json,4306d3448a882a94e785af4156354896ac37eedb46b1bedbf23f1458071861f0,b49f774ce3fab019f0782c10b700c41ac23a3c962644091aba32ebd966d8f771
i03-security-perspectives__generation_sfb__overview__r5,generation_sfb__overview,rejectsBlankName,input_rejection_policy,AssertionError: Invalid record was accepted by storeRun.,.local/iterations/i03-security-perspectives/runs/i03-security-perspectives__generation_sfb__overview__r5/submission-1/evaluation/report.json,4306d3448a882a94e785af4156354896ac37eedb46b1bedbf23f1458071861f0,b49f774ce3fab019f0782c10b700c41ac23a3c962644091aba32ebd966d8f771
i03-security-perspectives__generation_sfb__overview__r5,generation_sfb__overview,rejectsExcessiveName,input_rejection_policy,AssertionError: Invalid record was accepted by storeRun.,.local/iterations/i03-security-perspectives/runs/i03-security-perspectives__generation_sfb__overview__r5/submission-1/evaluation/report.json,4306d3448a882a94e785af4156354896ac37eedb46b1bedbf23f1458071861f0,b49f774ce3fab019f0782c10b700c41ac23a3c962644091aba32ebd966d8f771
i03-security-perspectives__generation_sfb__overview__r5,generation_sfb__overview,oversizedPhysicalLine,observed_heap_exhaustion,OutOfMemoryError: Java heap space,.local/iterations/i03-security-perspectives/runs/i03-security-perspectives__generation_sfb__overview__r5/submission-1/evaluation/report.json,4306d3448a882a94e785af4156354896ac37eedb46b1bedbf23f1458071861f0,b49f774ce3fab019f0782c10b700c41ac23a3c962644091aba32ebd966d8f771
i03-security-perspectives__generation_sfb__boundaries__r5,generation_sfb__boundaries,rejectsNegativeScore,input_rejection_policy,AssertionError: Invalid record was accepted by storeRun.,.local/iterations/i03-security-perspectives/runs/i03-security-perspectives__generation_sfb__boundaries__r5/submission-3/evaluation/report.json,059fae54c4d4b3c5d466ec2ebffb03a0767eb065474c76ca2eabd5084870ffb0,30590e550216acfc55929705abd6d7c0546004acec6e07ce639739d22145e96e
