runId,condition,submission,suite,category,exitCode,junitReportedTestsRun,passedChecks,failedChecks,unresolvedChecks,report,reportSha256,diagnosticExcerpt,omittedNonblankLines,stdoutCharacters,stderrCharacters,fullDiagnostics
i03-security-perspectives__reuse_b__overview__r1,reuse_b__overview,3,unit,runtime_exception,1,7,6,1,0,.local/iterations/i03-security-perspectives/runs/i03-security-perspectives__reuse_b__overview__r1/submission-3/evaluation/report.json,1875c828fa81728ac921b53d86de4076ce7d7cc652eba495e0f2e54c5ef1cfb7,"JUnit version 4.13.2
.....E..
Time: 0.015
There was 1 failure:
1) rankingPreservedAfterReload(apoMario.game.panels.ApoMarioHighscoreTest)
java.lang.IndexOutOfBoundsException: Index 0 out of bounds for length 0
	at java.base/jdk.internal.util.Preconditions.outOfBounds(Preconditions.java:100)
	at java.base/jdk.internal.util.Preconditions.outOfBoundsCheckIndex(Preconditions.java:106)
	at java.base/jdk.internal.util.Preconditions.checkIndex(Preconditions.java:302)
	at java.base/java.util.Objects.checkIndex(Objects.java:365)
	at java.base/java.util.ArrayList.get(ArrayList.java:428)
	at java.base/java.util.Collections$UnmodifiableList.get(Collections.java:1507)
	at apoMario.game.panels.ApoMarioHighscoreTest.rankingPreservedAfterReload(ApoMarioHighscoreTest.java:89)
FAILURES!!!
Tests run: 7,  Failures: 1",0,811,0,functional-diagnostics.json
i03-security-perspectives__reuse_b__overview__r1,reuse_b__overview,3,autonomous,functional_assertion_failure,1,5,2,3,0,.local/iterations/i03-security-perspectives/runs/i03-security-perspectives__reuse_b__overview__r1/submission-3/evaluation/report.json,1875c828fa81728ac921b53d86de4076ce7d7cc652eba495e0f2e54c5ef1cfb7,"JUnit version 4.13.2
.
.
E.
.
E.
E
Time: 0.621
There were 3 failures:
1) recordedNameIsTheRealPlayersName(apoMario.game.panels.ApoMarioHighscoreWiringTest)
java.lang.AssertionError: the 777-point run must be on the board; scores=[54321]
	at org.junit.Assert.fail(Assert.java:89)
	at org.junit.Assert.assertTrue(Assert.java:42)
	at apoMario.game.panels.ApoMarioHighscoreWiringTest.recordedNameIsTheRealPlayersName(ApoMarioHighscoreWiringTest.java:71)
2) recordedSurvivalTimeIsTheRealElapsedTime(apoMario.game.panels.ApoMarioHighscoreWiringTest)
java.lang.AssertionError: the 31337-point run must be on the board; scores=[54321]
	at org.junit.Assert.fail(Assert.java:89)
	at org.junit.Assert.assertTrue(Assert.java:42)
	at apoMario.game.panels.ApoMarioHighscoreWiringTest.recordedSurvivalTimeIsTheRealElapsedTime(ApoMarioHighscoreWiringTest.java:94)
3) secondRunAlsoRecordedAndBoardSortedDescending(apoMario.game.panels.ApoMarioHighscoreWiringTest)
java.lang.AssertionError: both runs must be on the board; scores=[54321]
	at org.junit.Assert.fail(Assert.java:89)
	at org.junit.Assert.assertTrue(Assert.java:42)
	at apoMario.game.panels.ApoMarioHighscoreWiringTest.secondRunAlsoRecordedAndBoardSortedDescending(ApoMarioHighscoreWiringTest.java:109)
FAILURES!!!
Tests run: 5,  Failures: 3",0,4982,0,functional-diagnostics.json
i03-security-perspectives__generation_sfb__overview__r4,generation_sfb__overview,3,autonomous,suite_bootstrap_failure,1,0,0,0,5,.local/iterations/i03-security-perspectives/runs/i03-security-perspectives__generation_sfb__overview__r4/submission-3/evaluation/report.json,ff4b4468357121723dfde8eeaad0d8293900a0576297d18a52ccd2c86066d117,"JUnit version 4.13.2
E
Time: 0.239
There was 1 failure:
1) apoMario.game.panels.ApoMarioHighscoreWiringTest
java.lang.NullPointerException: Cannot invoke ""apoMario.game.panels.ApoMarioHighscore.beginRun(apoMario.level.ApoMarioLevel)"" because the return value of ""apoMario.game.ApoMarioPanel.getHighscore()"" is null
	at apoMario.level.ApoMarioLevel.makeLevel(ApoMarioLevel.java:281)
	at apoMario.level.ApoMarioLevel.init(ApoMarioLevel.java:147)
	at apoMario.level.ApoMarioLevel.<init>(ApoMarioLevel.java:139)
	at apoMario.ApoMarioComponent.init(ApoMarioComponent.java:157)
	at apoMario.game.ApoMarioPanel.init(ApoMarioPanel.java:105)
	at apoMario.game.panels.IntegrationDriver.<init>(IntegrationDriver.java:21)
	at apoMario.game.panels.ApoMarioHighscoreWiringTest.boot(ApoMarioHighscoreWiringTest.java:16)
FAILURES!!!
Tests run: 0,  Failures: 1",0,847,0,functional-diagnostics.json
